,Player,Pos,Age,Tm,G,GS,MP,FG,FGA,FG%,3P,3PA,3P%,2P,2PA,2P%,eFG%,FT,FTA,FT%,ORB,DRB,TRB,AST,STL,BLK,TOV,PF,PTS
0,Precious Achiuwa,C-PF,24,TOT,42,3,18.4,2.9,6.2,.471,0.4,1.4,.250,2.5,4.7,.538,.500,0.7,1.2,.596,2.2,3.4,5.6,1.3,0.6,0.6,1.0,1.7,6.9
1,Precious Achiuwa,C,24,TOR,25,0,17.5,3.1,6.8,.459,0.5,1.9,.277,2.6,4.9,.528,.497,1.0,1.7,.571,2.0,3.4,5.4,1.8,0.6,0.5,1.2,1.6,7.7
2,Precious Achiuwa,PF,24,NYK,17,3,19.6,2.6,5.2,.494,0.1,0.8,.154,2.5,4.5,.553,.506,0.4,0.6,.700,2.5,3.4,5.9,0.6,0.5,0.9,0.6,1.9,5.7
3,Bam Adebayo,C,26,MIA,38,38,34.8,7.6,15.2,.501,0.0,0.3,.091,7.6,14.9,.509,.502,5.3,6.7,.781,2.2,8.3,10.6,4.2,1.0,1.0,2.4,2.5,20.6
4,Ochai Agbaji,SG,23,UTA,50,10,19.9,2.1,4.9,.425,0.9,2.8,.329,1.2,2.1,.551,.518,0.3,0.4,.750,0.7,1.8,2.5,0.9,0.5,0.6,0.7,1.3,5.4
5,Santi Aldama,PF,23,MEM,37,11,24.2,4.1,9.2,.439,1.7,4.7,.360,2.4,4.5,.521,.531,0.9,1.5,.625,1.2,4.5,5.7,1.9,0.6,0.7,1.1,1.5,10.8
6,Nickeil Alexander-Walker,SG,25,MIN,48,16,23.0,2.5,5.8,.430,1.4,3.8,.370,1.1,1.9,.548,.552,0.5,0.7,.727,0.4,1.4,1.8,2.6,0.9,0.5,0.9,1.9,6.9
7,Grayson Allen,SG,28,PHO,42,42,33.0,4.5,8.6,.515,2.7,5.4,.498,1.8,3.3,.543,.669,1.7,1.9,.886,0.7,3.4,4.1,2.8,0.9,0.6,1.4,2.1,13.2
8,Jarrett Allen,C,25,CLE,41,41,30.3,6.2,9.7,.645,0.0,0.0,.000,6.2,9.7,.646,.645,2.7,3.7,.747,3.6,6.9,10.5,2.9,0.9,1.1,1.8,2.4,15.2
9,Jose Alvarado,PG,25,NOP,30,0,16.0,2.4,5.7,.413,1.3,3.3,.390,1.1,2.4,.444,.526,0.8,1.2,.657,0.4,1.7,2.1,1.8,1.0,0.3,0.7,1.5,6.8
10,Kyle Anderson,PF,30,MIN,48,2,22.2,2.4,5.2,.462,0.1,0.6,.172,2.3,4.6,.500,.472,1.3,1.9,.674,0.7,2.8,3.5,3.9,0.8,0.6,1.3,1.5,6.2
11,Giannis Antetokounmpo,PF,29,MIL,46,46,35.2,11.5,19.0,.608,0.4,1.7,.253,11.1,17.2,.643,.619,7.4,11.2,.661,2.6,9.0,11.6,6.1,1.4,1.1,3.6,3.0,30.9
12,Thanasis Antetokounmpo,PF,31,MIL,19,0,4.1,0.4,0.7,.500,0.0,0.0,,0.4,0.7,.500,.500,0.0,0.0,,0.2,0.2,0.4,0.5,0.1,0.2,0.5,0.7,0.7
13,Cole Anthony,PG,23,ORL,47,0,23.8,4.2,9.9,.429,1.1,3.5,.323,3.1,6.4,.487,.486,3.0,3.5,.842,0.9,3.1,4.1,3.3,0.8,0.4,1.8,2.6,12.6
14,OG Anunoby,SF,26,TOT,41,41,34.1,5.8,11.7,.498,2.1,5.5,.379,3.7,6.1,.606,.588,1.6,2.0,.774,1.0,3.2,4.2,2.3,1.3,0.7,1.5,2.3,15.3
15,OG Anunoby,SF,26,TOR,27,27,33.3,5.8,11.9,.489,2.3,6.0,.374,3.6,5.9,.608,.584,1.2,1.7,.717,0.9,3.0,3.9,2.7,1.0,0.5,1.6,2.3,15.1
16,OG Anunoby,SF,26,NYK,14,14,35.7,5.8,11.2,.516,1.8,4.6,.391,4.0,6.6,.602,.596,2.3,2.7,.842,1.1,3.6,4.6,1.5,1.8,1.1,1.4,2.4,15.6
17,Ryan Arcidiacono,PG,29,NYK,20,0,2.3,0.0,0.3,.000,0.0,0.3,.000,0.0,0.0,,.000,0.0,0.0,,0.0,0.4,0.4,0.2,0.1,0.0,0.1,0.3,0.0
18,Deni Avdija,SF,23,WAS,47,47,27.4,4.6,9.2,.500,1.0,2.6,.380,3.6,6.6,.547,.553,2.2,2.9,.759,1.0,5.2,6.1,3.9,0.9,0.4,1.8,2.5,12.4
19,Deandre Ayton,C,25,POR,32,32,31.8,6.3,11.3,.551,0.0,0.0,,6.3,11.3,.551,.551,1.1,1.4,.795,3.1,7.4,10.5,1.6,1.0,0.7,1.8,2.3,13.6
20,Udoka Azubuike,C,24,PHO,12,0,8.5,1.3,1.8,.727,0.0,0.0,,1.3,1.8,.727,.727,0.3,0.9,.273,0.9,1.7,2.6,0.3,0.0,0.5,0.3,1.4,2.9
21,Ibou Badji,C,21,POR,12,1,13.6,0.8,1.3,.600,0.0,0.0,,0.8,1.3,.600,.600,0.3,0.5,.500,1.5,2.2,3.7,0.7,0.2,1.4,0.8,2.7,1.8
22,Marvin Bagley III,C,24,TOT,34,12,19.7,4.5,7.6,.597,0.1,0.3,.222,4.5,7.3,.610,.601,2.3,3.1,.752,2.3,3.1,5.4,1.1,0.3,0.5,1.3,1.9,11.4
23,Marvin Bagley III,C,24,DET,26,10,18.4,4.1,7.0,.591,0.0,0.2,.167,4.1,6.7,.606,.594,1.9,2.3,.820,1.8,2.8,4.5,1.0,0.2,0.5,1.1,1.5,10.2
24,Marvin Bagley III,C,24,WAS,8,2,24.0,5.9,9.6,.610,0.1,0.4,.333,5.8,9.3,.622,.617,3.6,5.5,.659,4.1,4.3,8.4,1.4,0.6,0.4,2.0,3.0,15.5
25,Amari Bailey,PG,19,CHO,2,0,5.5,1.0,3.0,.333,0.0,1.0,.000,1.0,2.0,.500,.333,0.5,1.0,.500,1.0,0.0,1.0,0.0,0.0,0.0,0.5,0.0,2.5
26,,,,,,,,,,,,,,,,,,,,,,,,,,,,,
27,Patrick Baldwin Jr.,SF,21,WAS,16,0,7.3,0.9,2.3,.405,0.6,1.3,.476,0.3,1.0,.313,.541,0.4,0.6,.700,0.4,1.8,2.2,0.4,0.1,0.2,0.4,1.3,2.9
28,LaMelo Ball,PG,22,CHO,22,22,32.3,8.3,19.2,.433,3.2,9.0,.355,5.1,10.3,.500,.515,4.1,4.7,.865,1.3,3.8,5.1,8.0,1.8,0.2,3.8,3.6,23.9
29,Mo Bamba,C,25,PHI,26,0,9.7,1.7,3.2,.524,0.4,0.8,.455,1.3,2.3,.550,.585,0.5,0.8,.667,1.3,2.0,3.3,0.5,0.4,1.0,0.6,1.3,4.2
30,Paolo Banchero,PF,21,ORL,48,48,34.9,8.2,18.0,.453,1.5,4.2,.358,6.7,13.8,.482,.495,5.2,7.5,.696,1.2,5.8,7.0,5.0,1.0,0.6,3.1,2.1,23.0
31,Desmond Bane,SG,25,MEM,37,37,34.5,8.9,18.8,.474,3.3,8.6,.384,5.6,10.2,.551,.563,3.3,3.8,.864,0.9,3.6,4.6,5.3,1.0,0.5,2.7,2.9,24.4
32,Dalano Banton,PG,24,BOS,23,1,7.1,0.8,2.0,.404,0.1,0.6,.143,0.7,1.4,.515,.426,0.7,0.9,.800,0.5,1.0,1.5,0.7,0.2,0.1,0.4,0.9,2.4
33,Dominick Barlow,PF,20,SAS,22,1,13.4,1.8,3.6,.494,0.1,0.3,.429,1.6,3.3,.500,.513,0.8,1.3,.607,1.2,2.2,3.4,1.2,0.4,0.5,0.2,1.5,4.5
34,Harrison Barnes,PF,31,SAC,46,46,29.8,4.0,8.5,.473,1.9,4.7,.394,2.2,3.8,.571,.583,1.9,2.3,.821,0.9,2.1,3.0,1.3,0.7,0.2,0.7,1.2,11.8
35,Scottie Barnes,SG,22,TOR,47,47,35.2,7.5,15.8,.476,1.9,5.3,.359,5.6,10.5,.535,.536,3.2,4.2,.766,2.2,5.9,8.2,5.8,1.3,1.5,2.7,2.0,20.2
36,RJ Barrett,SG,23,TOT,39,39,30.8,6.9,14.8,.465,1.6,4.6,.339,5.3,10.2,.521,.517,3.8,5.0,.763,0.8,4.4,5.2,2.8,0.5,0.4,1.8,2.1,19.2
37,RJ Barrett,SG,23,NYK,26,26,29.5,6.3,14.9,.423,1.7,5.0,.331,4.7,9.9,.469,.478,4.0,4.8,.831,0.7,3.5,4.3,2.4,0.5,0.3,1.8,1.7,18.2
38,RJ Barrett,SG,23,TOR,13,13,33.6,8.1,14.7,.550,1.4,3.8,.360,6.7,10.8,.617,.597,3.5,5.4,.643,1.1,6.0,7.1,3.5,0.6,0.4,1.8,2.9,21.0
39,Charles Bassey,C,23,SAS,19,0,10.8,1.5,2.1,.725,0.0,0.1,.000,1.5,2.1,.744,.725,0.3,0.3,.833,1.2,2.8,4.0,1.1,0.4,0.9,0.8,1.6,3.3
40,Emoni Bates,SF,20,CLE,10,0,7.6,0.6,2.5,.240,0.5,2.0,.250,0.1,0.5,.200,.340,0.1,0.2,.500,0.1,0.9,1.0,0.6,0.1,0.2,0.1,0.5,1.8
41,Keita Bates-Diop,SF,28,PHO,37,8,15.6,1.6,3.9,.424,0.5,1.6,.300,1.2,2.3,.512,.486,0.7,1.0,.722,0.8,1.8,2.6,0.9,0.6,0.5,0.3,0.9,4.5
42,Nicolas Batum,PF,35,TOT,34,27,24.9,2.1,4.0,.519,1.3,2.9,.454,0.8,1.1,.684,.681,0.3,0.4,.643,1.2,2.6,3.9,2.3,0.7,0.7,0.6,2.0,5.7
43,Nicolas Batum,PF,35,LAC,3,0,18.0,1.0,2.7,.375,0.7,2.3,.286,0.3,0.3,1.000,.500,0.0,0.0,,0.0,2.3,2.3,1.7,1.0,1.3,0.3,1.7,2.7
44,Nicolas Batum,PF,35,PHI,31,27,25.5,2.2,4.1,.528,1.4,2.9,.467,0.8,1.2,.676,.693,0.3,0.5,.643,1.4,2.6,4.0,2.4,0.6,0.7,0.6,2.0,6.0
45,Bradley Beal,SG,30,PHO,24,24,33.1,6.8,13.9,.488,1.5,4.2,.347,5.3,9.7,.549,.540,2.2,3.0,.746,0.8,3.5,4.3,4.3,0.8,0.3,2.3,2.8,17.3
46,Malik Beasley,SG,27,MIL,46,46,29.4,4.0,8.5,.474,2.7,6.1,.448,1.3,2.4,.541,.635,0.3,0.4,.722,0.6,3.3,4.0,1.4,0.7,0.1,0.7,2.1,11.1
47,MarJon Beauchamp,SF,23,MIL,35,1,15.4,1.9,3.9,.486,0.7,1.8,.403,1.2,2.2,.553,.576,0.3,0.6,.600,0.6,1.8,2.4,0.8,0.3,0.2,0.7,1.3,4.9
48,Jules Bernard,SG,24,WAS,5,0,4.2,0.4,2.0,.200,0.0,1.4,.000,0.4,0.6,.667,.200,0.0,0.0,,0.4,0.4,0.8,0.4,0.0,0.0,0.2,0.8,0.8
49,Dāvis Bertāns,PF,31,OKC,15,0,6.1,0.7,1.7,.385,0.7,1.6,.417,0.0,0.1,.000,.577,0.9,1.0,.933,0.1,0.5,0.7,0.6,0.2,0.2,0.1,0.7,2.9
50,Patrick Beverley,PG,35,PHI,44,5,19.4,2.1,4.9,.424,0.7,2.3,.317,1.4,2.6,.517,.498,1.1,1.4,.803,0.6,2.5,3.1,2.9,0.5,0.4,1.0,1.8,6.0
51,,,,,,,,,,,,,,,,,,,,,,,,,,,,,
52,Saddiq Bey,SF,24,ATL,47,35,32.7,4.5,10.7,.417,1.7,5.6,.307,2.7,5.1,.538,.497,2.5,3.1,.814,2.6,4.0,6.6,1.5,0.9,0.1,0.9,1.6,13.2
53,Goga Bitadze,C,24,ORL,41,31,19.7,2.7,4.4,.615,0.0,0.2,.200,2.6,4.1,.639,.620,1.1,1.7,.676,2.3,3.7,6.1,1.6,0.7,1.5,0.8,2.2,6.5
54,Onuralp Bitim,SG,24,CHI,1,0,3.0,0.0,0.0,,0.0,0.0,,0.0,0.0,,,0.0,0.0,,0.0,0.0,0.0,0.0,0.0,0.0,0.0,0.0,0.0
55,Bismack Biyombo,C,31,MEM,30,27,23.9,2.2,4.0,.563,0.0,0.0,,2.2,4.0,.563,.563,0.7,1.5,.478,1.9,4.5,6.4,1.7,0.3,1.1,1.3,2.7,5.2
56,Anthony Black,PG,20,ORL,45,29,19.4,1.9,3.9,.497,0.5,1.4,.381,1.4,2.5,.563,.566,0.9,1.4,.656,0.5,1.8,2.3,1.7,0.6,0.4,0.9,2.0,5.3
57,Leaky Black,SF,24,CHO,17,0,6.6,0.6,1.2,.476,0.2,0.5,.444,0.4,0.7,.500,.571,0.4,0.6,.600,0.3,0.9,1.2,0.4,0.2,0.2,0.1,0.7,1.8
58,Bogdan Bogdanović,SG,31,ATL,45,6,28.4,6.1,14.1,.431,3.1,8.4,.371,2.9,5.6,.520,.542,1.9,2.1,.903,0.5,2.6,3.1,2.6,1.3,0.2,1.2,2.4,17.1
59,Bojan Bogdanović,PF,34,DET,26,25,33.0,7.2,15.4,.468,3.0,7.3,.414,4.2,8.0,.517,.566,2.9,3.8,.765,0.5,2.9,3.4,2.5,0.9,0.1,2.2,2.1,20.3
60,Bol Bol,PF,24,PHO,12,0,7.2,1.4,1.9,.739,0.3,0.4,.600,1.2,1.5,.778,.804,0.3,0.4,.800,0.8,1.5,2.3,0.5,0.3,0.5,0.5,0.8,3.4
61,Marques Bolden,C,25,MIL,2,0,1.5,0.0,0.0,,0.0,0.0,,0.0,0.0,,,0.0,0.0,,0.0,1.0,1.0,0.0,0.0,0.0,0.0,0.5,0.0
62,Devin Booker,PG,27,PHO,39,39,36.2,9.9,19.8,.502,2.3,5.9,.388,7.6,13.9,.551,.560,6.1,6.9,.878,0.7,4.2,4.9,7.3,0.9,0.4,2.7,3.0,28.3
63,Brandon Boston Jr.,SF,22,LAC,12,0,8.3,1.7,4.1,.408,0.5,1.4,.353,1.2,2.7,.438,.469,0.6,0.7,.875,0.6,0.6,1.2,0.4,0.2,0.2,0.3,1.1,4.4
64,Chris Boucher,PF,31,TOR,44,0,14.0,2.1,4.4,.477,0.6,2.0,.326,1.5,2.4,.598,.549,1.3,1.8,.753,1.2,2.8,4.0,0.4,0.3,0.4,0.5,1.4,6.1
65,James Bouknight,SG,23,CHO,12,0,6.1,1.3,3.1,.432,1.0,2.3,.444,0.3,0.8,.400,.595,0.1,0.2,.500,0.1,0.7,0.8,0.5,0.0,0.1,0.1,0.3,3.8
66,Jamaree Bouyea,PG,24,POR,6,0,9.5,0.8,3.5,.238,0.0,1.3,.000,0.8,2.2,.385,.238,0.0,0.0,,0.3,1.3,1.7,1.3,0.0,0.0,1.3,0.5,1.7
67,Malaki Branham,PG,20,SAS,43,21,20.8,3.4,7.8,.434,0.9,3.0,.305,2.4,4.7,.517,.494,0.6,0.6,.926,0.3,1.7,2.0,2.3,0.4,0.1,1.2,1.2,8.3
68,Christian Braun,SG,22,DEN,49,0,18.8,2.6,5.8,.449,0.7,1.9,.363,1.9,4.0,.490,.507,1.2,1.7,.732,0.8,2.8,3.6,1.4,0.4,0.4,0.7,1.5,7.1
69,Mikal Bridges,SF,27,BRK,47,47,35.1,7.7,16.9,.455,2.4,6.6,.369,5.3,10.3,.510,.527,4.1,5.0,.825,0.9,4.2,5.0,3.7,1.0,0.4,2.3,1.7,21.9
70,Miles Bridges,SF,25,CHO,35,33,37.2,8.0,17.4,.462,2.4,6.7,.359,5.6,10.7,.527,.531,2.7,3.1,.861,0.8,6.7,7.5,3.1,1.1,0.6,2.0,1.9,21.1
71,Oshae Brissett,SF,25,BOS,31,0,11.4,1.3,2.9,.461,0.3,1.2,.278,1.0,1.7,.585,.517,0.9,1.3,.675,1.1,1.9,3.0,0.6,0.4,0.1,0.3,1.1,3.8
72,,,,,,,,,,,,,,,,,,,,,,,,,,,,,
73,Malcolm Brogdon,PG,31,POR,38,24,28.6,5.6,12.7,.441,2.2,5.2,.416,3.4,7.5,.458,.526,2.5,3.0,.832,0.7,3.0,3.7,5.5,0.7,0.2,1.6,1.5,15.8
74,Armoni Brooks,PG,25,BRK,10,0,10.4,1.5,4.6,.326,1.1,3.2,.344,0.4,1.4,.286,.446,0.1,0.2,.500,0.7,1.1,1.8,0.5,0.1,0.1,0.3,0.3,4.2
75,Dillon Brooks,SF,28,HOU,38,38,31.4,5.1,11.0,.460,1.9,4.9,.389,3.2,6.1,.517,.547,1.9,2.3,.837,0.7,2.7,3.4,1.6,0.9,0.1,1.5,3.7,13.9
76,Bruce Brown,SG-PG,27,TOT,39,36,29.6,4.5,9.5,.478,1.0,2.9,.330,3.6,6.5,.545,.530,1.9,2.3,.833,0.9,4.0,4.9,2.8,1.1,0.3,1.3,2.6,12.0
77,Bruce Brown,SG,27,IND,33,33,29.7,4.5,9.5,.475,1.0,3.1,.327,3.5,6.5,.545,.527,2.0,2.5,.817,0.8,3.9,4.7,3.0,1.1,0.2,1.2,2.5,12.1
78,Bruce Brown,PG,27,TOR,6,3,29.0,4.7,9.3,.500,0.8,2.3,.357,3.8,7.0,.548,.545,1.3,1.3,1.000,1.7,4.7,6.3,1.7,1.2,0.8,1.5,3.2,11.5
79,Charlie Brown Jr.,SG,26,NYK,4,0,1.5,0.3,1.0,.250,0.3,0.8,.333,0.0,0.3,.000,.375,0.0,0.0,,0.0,0.0,0.0,0.0,0.0,0.3,0.5,0.3,0.8
80,Greg Brown III,PF,22,DAL,6,0,6.7,0.8,1.8,.455,0.2,0.5,.333,0.7,1.3,.500,.500,0.7,1.5,.444,0.5,1.0,1.5,0.7,0.0,0.7,0.7,0.8,2.5
81,Jaylen Brown,SF,27,BOS,46,46,33.2,8.6,17.5,.491,2.0,5.8,.348,6.6,11.7,.562,.549,3.1,4.3,.727,1.1,4.3,5.4,3.7,1.1,0.6,2.4,2.6,22.3
82,Kendall Brown,SG,20,IND,4,0,4.5,0.5,1.3,.400,0.0,0.3,.000,0.5,1.0,.500,.400,1.0,1.5,.667,0.5,0.0,0.5,0.3,0.0,0.0,0.0,1.0,2.0
83,Kobe Brown,PF,24,LAC,29,0,9.2,0.8,2.0,.373,0.4,1.3,.289,0.4,0.7,.524,.466,0.0,0.1,.500,0.3,1.1,1.4,0.6,0.2,0.1,0.2,1.4,1.9
84,Moses Brown,C,24,POR,9,4,9.1,1.0,2.3,.429,0.0,0.0,,1.0,2.3,.429,.429,0.0,0.4,.000,2.0,3.1,5.1,0.2,0.2,0.3,0.4,1.2,2.0
85,Troy Brown Jr.,SF,24,MIN,36,3,11.3,1.4,3.3,.441,0.9,2.3,.369,0.6,0.9,.618,.572,0.5,0.6,.864,0.4,1.6,2.0,1.0,0.2,0.1,0.5,0.7,4.3
86,Jalen Brunson,PG,27,NYK,47,47,35.7,9.6,19.9,.481,2.7,6.6,.417,6.8,13.3,.512,.550,5.2,6.2,.835,0.6,3.3,3.9,6.4,0.9,0.2,2.3,2.1,27.1
87,Thomas Bryant,C,26,MIA,25,3,10.4,1.8,3.1,.571,0.0,0.2,.000,1.8,2.9,.603,.571,0.7,0.9,.818,1.0,2.1,3.1,0.6,0.2,0.2,0.6,1.0,4.2
88,Kobe Bufkin,SG,20,ATL,3,0,2.0,0.3,1.3,.250,0.3,0.7,.500,0.0,0.7,.000,.375,0.3,0.7,.500,0.3,0.7,1.0,0.3,0.0,0.0,0.0,0.0,1.3
89,Reggie Bullock,SF,32,HOU,18,0,9.2,0.9,2.1,.421,0.6,1.6,.393,0.3,0.6,.500,.566,0.1,0.1,1.000,0.1,1.2,1.3,0.5,0.2,0.1,0.3,0.5,2.4
90,Alec Burks,SG,32,DET,40,0,20.8,3.7,9.4,.393,2.3,5.8,.400,1.4,3.7,.381,.515,2.8,3.1,.895,0.4,2.1,2.5,1.6,0.5,0.3,0.8,1.5,12.5
91,Jared Butler,SG,23,WAS,17,0,7.5,1.6,2.9,.560,0.6,1.4,.417,1.1,1.5,.692,.660,0.7,0.9,.800,0.0,0.6,0.6,1.8,0.5,0.1,0.6,0.8,4.6
92,Jimmy Butler,PF,34,MIA,33,33,33.8,6.7,13.5,.498,0.9,2.2,.437,5.8,11.4,.509,.533,7.0,8.0,.879,2.0,3.1,5.2,4.4,1.2,0.3,1.7,1.2,21.4
93,Jamal Cain,PF,24,MIA,14,1,14.9,2.1,4.7,.439,0.6,1.8,.320,1.5,2.9,.512,.500,1.0,1.4,.737,0.9,1.2,2.1,0.2,0.6,0.3,0.3,1.1,5.7
94,Kentavious Caldwell-Pope,SG,30,DEN,47,47,32.4,3.6,7.9,.448,1.5,3.9,.379,2.1,4.1,.513,.540,1.5,1.7,.910,0.4,1.9,2.4,2.4,1.4,0.5,1.0,2.0,10.1
95,,,,,,,,,,,,,,,,,,,,,,,,,,,,,
96,Toumani Camara,PF,23,POR,47,29,23.6,2.5,6.0,.414,0.7,2.5,.280,1.8,3.4,.512,.473,1.0,1.4,.701,1.9,2.9,4.7,1.0,1.0,0.5,1.1,2.5,6.6
97,Clint Capela,C,29,ATL,45,45,25.8,4.8,8.3,.572,0.0,0.0,,4.8,8.3,.572,.572,1.8,2.8,.654,4.7,5.7,10.5,1.0,0.6,1.6,0.9,2.5,11.4
98,Jevon Carter,PG,28,CHI,47,0,13.8,1.9,5.3,.364,1.2,3.4,.340,0.8,1.9,.409,.474,0.1,0.1,.600,0.1,0.7,0.8,1.2,0.5,0.3,0.5,1.0,5.1
99,Wendell Carter Jr.,C,24,ORL,22,16,25.5,4.0,7.7,.515,1.1,2.7,.417,2.8,5.0,.569,.589,2.0,2.7,.763,2.0,4.6,6.6,1.6,0.5,0.5,1.1,2.3,11.1
100,Alex Caruso,SG,29,CHI,42,30,26.4,3.5,7.3,.487,1.8,4.4,.409,1.7,2.9,.608,.611,1.2,1.6,.758,1.0,2.6,3.6,2.7,1.3,1.0,1.3,2.5,10.1
101,Colin Castleton,C,23,LAL,5,0,6.4,1.2,1.8,.667,0.0,0.0,,1.2,1.8,.667,.667,0.8,0.8,1.000,0.8,1.0,1.8,0.6,0.0,0.0,0.2,1.2,3.2
102,Malcolm Cazalon,SG,22,DET,1,0,3.0,0.0,0.0,,0.0,0.0,,0.0,0.0,,,0.0,0.0,,0.0,0.0,0.0,0.0,0.0,0.0,0.0,0.0,0.0
103,Julian Champagnie,SF,22,SAS,41,26,16.0,1.9,4.7,.403,1.3,3.4,.393,0.5,1.2,.431,.547,0.8,0.9,.842,0.4,1.8,2.2,1.0,0.6,0.5,0.7,1.0,5.9
104,Max Christie,SG,20,LAL,40,6,17.0,1.8,4.3,.416,0.7,2.1,.333,1.1,2.2,.494,.497,0.7,0.8,.813,0.2,2.5,2.7,1.0,0.4,0.3,0.8,1.3,5.0
105,Sidy Cissoko,SF,19,SAS,5,0,6.4,0.2,1.2,.167,0.0,0.8,.000,0.2,0.4,.500,.167,0.8,0.8,1.000,0.0,1.2,1.2,0.0,0.6,0.0,0.2,0.4,1.2
106,Jordan Clarkson,SG,31,UTA,40,19,30.1,6.4,15.2,.419,1.7,5.6,.296,4.7,9.6,.491,.474,3.3,3.7,.879,1.0,2.5,3.4,4.9,0.6,0.1,2.8,1.4,17.6
107,Nic Claxton,C,24,BRK,37,37,29.8,5.4,8.6,.632,0.0,0.1,.333,5.4,8.5,.635,.634,1.5,2.7,.556,3.0,7.3,10.4,1.9,0.7,2.1,1.2,2.6,12.4
108,Noah Clowney,PF,19,BRK,3,0,10.0,2.0,3.3,.600,0.0,0.3,.000,2.0,3.0,.667,.600,1.3,1.3,1.000,1.0,1.3,2.3,1.0,0.0,0.3,0.3,1.0,5.3
109,Amir Coffey,SF,26,LAC,34,7,16.6,2.0,3.5,.558,0.7,1.8,.417,1.2,1.8,.700,.663,0.7,0.8,.857,0.4,1.3,1.6,0.7,0.4,0.1,0.4,1.2,5.4
110,John Collins,PF,26,UTA,46,44,27.7,5.5,10.7,.515,1.2,3.5,.346,4.3,7.2,.598,.572,1.8,2.3,.778,2.2,5.8,7.9,1.0,0.6,0.8,1.3,2.8,14.1
111,Zach Collins,C,26,SAS,36,24,25.3,4.6,9.7,.479,1.0,3.4,.290,3.6,6.3,.582,.530,1.9,2.5,.769,1.9,3.8,5.7,3.2,0.6,0.7,2.2,3.3,12.2
112,Mike Conley,PG,36,MIN,43,43,29.2,3.7,8.2,.450,2.3,5.3,.442,1.3,2.9,.464,.593,1.2,1.3,.926,0.3,2.4,2.8,6.3,1.0,0.2,1.1,1.7,10.8
113,Pat Connaughton,SF,31,MIL,42,0,20.8,1.9,4.2,.449,1.2,3.0,.383,0.7,1.1,.625,.588,0.4,0.5,.783,0.6,2.4,3.0,1.7,0.5,0.2,0.5,1.2,5.4
114,Bilal Coulibaly,SF,19,WAS,46,2,26.7,3.1,6.6,.466,1.0,2.7,.385,2.1,4.0,.519,.543,1.2,1.8,.675,0.8,3.2,4.0,1.8,0.9,0.8,1.4,2.1,8.4
115,Ricky Council IV,SG,22,PHI,7,0,4.6,0.9,1.9,.462,0.1,0.3,.500,0.7,1.6,.455,.500,1.3,1.7,.750,0.4,0.0,0.4,0.0,0.3,0.0,0.0,0.1,3.1
116,,,,,,,,,,,,,,,,,,,,,,,,,,,,,
117,Robert Covington,SF-PF,33,TOT,29,6,16.8,1.5,3.4,.439,0.7,1.9,.339,0.8,1.4,.571,.536,0.8,0.9,.846,1.1,2.3,3.3,0.8,1.3,0.6,0.4,1.9,4.4
118,Robert Covington,PF,33,LAC,3,3,23.0,1.0,3.0,.333,0.7,2.7,.250,0.3,0.3,1.000,.444,0.3,0.7,.500,0.7,2.0,2.7,2.3,2.0,0.7,0.0,2.3,3.0
119,Robert Covington,SF,33,PHI,26,3,16.1,1.5,3.4,.449,0.7,1.8,.354,0.9,1.6,.561,.545,0.8,0.9,.875,1.1,2.3,3.4,0.7,1.3,0.6,0.4,1.9,4.5
120,Torrey Craig,SF,33,CHI,27,7,21.2,2.2,5.1,.424,1.1,2.8,.382,1.1,2.3,.476,.529,0.7,0.9,.783,1.9,3.0,4.8,1.0,0.6,0.4,0.6,2.5,6.1
121,Jae Crowder,PF,33,MIL,17,3,22.6,2.4,5.2,.449,1.6,3.8,.415,0.8,1.4,.542,.601,0.5,0.9,.563,0.5,2.8,3.2,1.2,0.6,0.2,0.5,1.6,6.8
122,Cade Cunningham,PG,22,DET,38,38,34.4,8.5,18.9,.449,1.9,5.4,.343,6.6,13.4,.492,.499,3.8,4.5,.859,0.4,3.6,4.0,7.4,1.0,0.3,3.8,2.8,22.7
123,Seth Curry,SG,33,DAL,36,3,12.7,1.5,4.0,.372,0.8,2.2,.363,0.7,1.8,.385,.472,0.5,0.5,.895,0.4,1.0,1.4,0.8,0.5,0.1,0.4,0.9,4.3
124,Stephen Curry,PG,35,GSW,41,41,33.5,8.8,19.4,.455,4.8,11.6,.409,4.1,7.8,.524,.577,5.1,5.5,.929,0.5,3.8,4.3,5.0,0.8,0.4,3.0,1.9,27.5
125,Dyson Daniels,PG,20,NOP,48,15,21.8,2.1,4.9,.430,0.6,2.1,.284,1.5,2.8,.541,.492,0.6,1.0,.646,1.0,2.7,3.7,2.6,1.3,0.4,1.0,1.6,5.5
126,Anthony Davis,C,30,LAL,46,46,35.9,9.5,17.2,.554,0.4,1.2,.315,9.1,16.0,.571,.565,5.6,6.9,.805,3.2,8.9,12.1,3.7,1.2,2.3,2.1,2.5,24.9
127,Johnny Davis,SG,21,WAS,21,0,7.8,1.0,2.4,.431,0.0,0.2,.250,1.0,2.2,.447,.441,0.2,0.3,.571,0.4,0.6,1.0,0.3,0.3,0.1,0.2,0.6,2.3
128,JD Davison,SG,21,BOS,2,0,3.0,0.0,0.5,.000,0.0,0.5,.000,0.0,0.0,,.000,1.0,1.0,1.000,0.5,0.5,1.0,0.0,0.0,0.0,0.0,0.0,1.0
129,Dexter Dennis,SG,24,DAL,4,0,7.5,2.5,4.8,.526,0.3,2.0,.125,2.3,2.8,.818,.553,0.3,0.8,.333,0.3,2.0,2.3,1.0,0.0,0.3,0.8,0.3,5.5
130,DeMar DeRozan,SF,34,CHI,47,47,37.3,7.7,16.4,.467,1.0,2.9,.336,6.7,13.6,.495,.496,5.7,6.7,.842,0.6,3.5,4.0,5.3,1.1,0.7,1.5,2.1,22.0
131,Moussa Diabaté,C,22,LAC,10,0,5.8,0.9,1.8,.500,0.0,0.0,,0.9,1.8,.500,.500,0.9,1.2,.750,1.4,0.6,2.0,0.4,0.4,0.0,0.2,0.4,2.7
132,Mamadi Diakite,PF,27,SAS,3,0,5.3,1.3,1.7,.800,0.0,0.0,,1.3,1.7,.800,.800,1.3,2.0,.667,0.3,0.7,1.0,0.7,0.0,0.3,0.0,0.3,4.0
133,Hamidou Diallo,SG,25,WAS,2,0,2.5,0.5,1.0,.500,0.0,0.0,,0.5,1.0,.500,.500,0.0,0.0,,1.0,0.0,1.0,0.5,1.0,0.0,0.5,0.5,1.0
134,Gradey Dick,SG,20,TOR,26,1,13.7,1.3,3.9,.337,0.7,2.5,.297,0.6,1.4,.405,.431,0.7,0.7,.944,0.5,1.1,1.5,1.2,0.5,0.0,0.7,1.4,4.0
135,Ousmane Dieng,PF,20,OKC,23,0,11.2,1.4,3.4,.423,0.7,2.3,.308,0.7,1.1,.654,.526,0.4,0.5,.833,0.4,1.4,1.8,0.8,0.1,0.0,0.5,0.7,4.0
136,Spencer Dinwiddie,PG,30,BRK,45,45,30.5,4.2,10.5,.395,1.9,5.8,.327,2.2,4.7,.479,.485,2.7,3.5,.783,0.6,2.8,3.4,6.0,0.8,0.2,1.4,1.8,13.0
137,Donte DiVincenzo,SG,27,NYK,49,31,23.3,4.3,9.6,.451,2.9,6.8,.418,1.4,2.7,.534,.600,0.9,1.2,.733,0.8,2.4,3.2,2.3,1.2,0.3,1.1,1.9,12.4
138,Luka Dončić,PG,24,DAL,40,40,37.5,11.7,24.0,.489,3.9,10.3,.375,7.9,13.7,.574,.569,7.4,9.5,.780,0.8,7.8,8.6,9.6,1.4,0.6,3.9,1.9,34.7
139,,,,,,,,,,,,,,,,,,,,,,,,,,,,,
140,Luguentz Dort,SF,24,OKC,46,46,28.5,3.5,8.1,.435,1.8,4.7,.384,1.7,3.4,.506,.547,1.7,2.0,.809,1.2,2.7,3.8,1.3,0.8,0.7,0.9,3.0,10.5
141,Ayo Dosunmu,SG,24,CHI,47,9,24.3,3.7,7.4,.496,1.1,3.0,.383,2.5,4.4,.573,.573,1.0,1.2,.804,0.7,1.9,2.6,2.1,0.8,0.5,1.0,2.0,9.4
142,Andre Drummond,C,30,CHI,49,7,15.9,3.2,5.7,.557,0.0,0.0,.000,3.2,5.7,.561,.557,1.5,2.6,.558,3.3,5.0,8.3,0.6,1.1,0.6,1.1,1.7,7.8
143,Chris Duarte,SF,26,SAC,35,11,13.2,1.3,3.6,.360,0.6,1.9,.313,0.7,1.7,.414,.444,0.5,0.7,.750,0.4,1.5,1.8,0.9,0.5,0.1,0.6,1.7,3.7
144,Kris Dunn,PG,29,UTA,42,24,17.5,2.2,4.5,.487,0.6,1.4,.431,1.6,3.1,.512,.553,0.3,0.4,.667,0.7,2.2,2.9,4.2,0.9,0.5,1.3,1.8,5.2
145,Kevin Durant,PF,35,PHO,41,41,37.3,10.1,19.0,.533,2.2,5.0,.449,7.9,14.0,.563,.592,5.9,6.7,.876,0.5,5.9,6.4,5.8,0.8,1.3,3.1,1.9,28.4
146,Jalen Duren,C,20,DET,32,31,29.9,6.2,9.7,.640,0.0,0.1,.000,6.2,9.7,.644,.640,1.5,2.2,.700,3.3,8.4,11.8,2.5,0.4,0.8,2.0,3.2,14.0
147,Tari Eason,PF,22,HOU,22,0,21.8,4.0,8.6,.466,0.8,2.3,.360,3.2,6.3,.504,.513,1.0,1.5,.636,2.1,4.9,7.0,1.2,1.4,0.9,0.9,2.3,9.8
148,Anthony Edwards,SG,22,MIN,45,45,34.9,8.8,19.0,.464,2.5,6.3,.389,6.3,12.6,.502,.529,5.5,6.5,.842,0.6,4.6,5.2,5.2,1.2,0.5,3.4,1.9,25.5
149,Kessler Edwards,SF,23,SAC,31,0,4.7,0.5,1.4,.395,0.3,0.8,.346,0.3,0.5,.471,.500,0.1,0.1,.750,0.2,0.5,0.7,0.3,0.1,0.1,0.0,0.4,1.5
150,Keon Ellis,SG,24,SAC,28,3,12.2,1.3,3.0,.434,0.9,2.4,.382,0.4,0.5,.667,.590,0.4,0.6,.647,0.3,1.0,1.3,1.3,0.5,0.4,0.5,1.4,3.9
151,Joel Embiid,C,29,PHI,34,34,34.0,11.8,22.2,.533,1.2,3.3,.366,10.6,18.9,.562,.560,10.5,11.9,.883,2.6,8.7,11.3,5.7,1.1,1.8,3.7,2.9,35.3
152,Drew Eubanks,C,26,PHO,42,3,16.1,2.3,3.7,.630,0.1,0.1,1.000,2.2,3.6,.623,.640,1.0,1.4,.741,1.4,2.9,4.3,1.0,0.3,0.8,1.0,1.7,5.7
153,Dante Exum,PG,28,DAL,32,14,19.7,3.6,6.3,.571,1.0,2.0,.477,2.7,4.3,.616,.648,1.0,1.4,.727,0.6,2.2,2.8,2.8,0.6,0.2,0.8,1.6,9.2
154,Bruno Fernando,C,25,ATL,13,0,6.5,1.1,2.1,.519,0.0,0.2,.000,1.1,1.8,.583,.519,0.8,1.5,.526,0.5,1.5,2.0,0.3,0.2,0.4,0.5,0.9,2.9
155,Dorian Finney-Smith,PF,30,BRK,42,31,28.8,3.3,8.1,.412,2.1,5.5,.383,1.2,2.6,.473,.541,0.3,0.5,.700,1.7,3.1,4.8,1.4,0.7,0.6,0.8,2.2,9.1
156,Malachi Flynn,PG,25,TOT,43,0,12.1,1.4,3.6,.403,0.7,2.1,.333,0.7,1.5,.500,.500,0.6,0.7,.781,0.3,1.3,1.6,1.8,0.4,0.1,0.8,1.0,4.2
157,Malachi Flynn,PG,25,TOR,31,0,15.3,1.8,4.4,.409,0.9,2.6,.350,0.9,1.8,.491,.511,0.5,0.7,.773,0.4,1.7,2.1,2.4,0.6,0.2,1.1,1.4,5.1
158,Malachi Flynn,PG,25,NYK,12,0,3.8,0.5,1.4,.353,0.2,0.8,.200,0.3,0.6,.571,.412,0.7,0.8,.800,0.0,0.4,0.4,0.4,0.1,0.0,0.2,0.3,1.8
159,Simone Fontecchio,SF,28,UTA,48,32,23.1,3.3,7.3,.448,1.9,4.8,.395,1.4,2.5,.550,.578,0.6,0.8,.789,1.0,2.5,3.5,1.4,0.6,0.4,1.0,1.7,9.0
160,Jordan Ford,PG,25,SAC,6,0,3.7,0.7,1.2,.571,0.3,0.5,.667,0.3,0.7,.500,.714,0.3,0.3,1.000,0.0,0.3,0.3,0.3,0.0,0.0,0.2,0.0,2.0
161,Trent Forrest,SG,25,ATL,19,0,10.6,0.8,2.5,.319,0.1,0.4,.286,0.7,2.1,.325,.340,0.4,0.5,.800,0.3,1.1,1.4,2.0,0.4,0.1,0.5,0.9,2.1
162,,,,,,,,,,,,,,,,,,,,,,,,,,,,,
163,Evan Fournier,SG,31,NYK,3,0,13.0,1.3,6.7,.200,0.7,5.0,.133,0.7,1.7,.400,.250,0.7,0.7,1.000,0.0,1.3,1.3,1.0,1.3,0.0,0.3,1.3,4.0
164,De'Aaron Fox,PG,26,SAC,40,40,35.6,9.6,20.6,.467,3.0,7.9,.380,6.6,12.7,.521,.539,4.9,6.8,.724,0.9,3.2,4.1,5.5,1.6,0.4,2.5,2.5,27.2
165,Javon Freeman-Liberty,PG,24,TOR,2,0,2.0,0.5,1.5,.333,0.0,0.0,,0.5,1.5,.333,.333,0.0,0.0,,0.5,0.0,0.5,0.0,0.0,0.0,0.0,0.0,1.0
166,Alex Fudge,SF,20,LAL,4,0,3.5,0.3,1.5,.167,0.0,0.5,.000,0.3,1.0,.250,.167,0.5,0.5,1.000,0.5,0.0,0.5,0.0,0.0,0.0,0.3,0.3,1.0
167,Markelle Fultz,PG,25,ORL,15,9,24.7,4.3,8.3,.512,0.0,0.2,.000,4.3,8.1,.525,.512,0.4,0.9,.462,1.3,1.9,3.2,3.7,1.4,0.3,1.1,1.7,8.9
168,Daniel Gafford,C,25,WAS,42,42,26.2,4.4,6.4,.693,0.0,0.0,,4.4,6.4,.693,.693,1.9,2.7,.708,2.8,5.0,7.8,1.6,1.0,2.1,1.0,3.3,10.7
169,Danilo Gallinari,PF-SF,35,TOT,29,0,14.9,2.3,5.0,.465,0.9,2.4,.371,1.4,2.6,.554,.556,2.0,2.4,.841,0.4,2.4,2.9,1.3,0.2,0.1,0.4,1.0,7.5
170,Danilo Gallinari,PF,35,WAS,26,0,14.8,2.2,5.0,.435,0.8,2.5,.313,1.4,2.6,.552,.511,1.8,2.2,.839,0.5,2.5,2.9,1.2,0.2,0.1,0.5,1.0,7.0
171,Danilo Gallinari,SF,35,DET,3,0,16.0,3.3,4.3,.769,2.0,2.0,1.000,1.3,2.3,.571,1.000,3.7,4.3,.846,0.0,2.3,2.3,2.3,0.3,0.0,0.0,1.0,12.3
172,Darius Garland,PG,24,CLE,22,22,32.9,7.4,15.6,.472,1.8,5.1,.345,5.6,10.5,.535,.529,3.6,4.3,.840,0.5,2.0,2.6,5.8,1.6,0.2,3.6,1.5,20.1
173,Usman Garuba,PF,21,GSW,2,0,3.0,0.0,0.5,.000,0.0,0.0,,0.0,0.5,.000,.000,0.0,0.0,,0.0,0.0,0.0,0.5,0.5,0.0,0.0,0.5,0.0
174,Luka Garza,C,25,MIN,10,0,2.8,0.8,2.1,.381,0.1,0.6,.167,0.7,1.5,.467,.405,0.6,1.0,.600,0.5,0.4,0.9,0.2,0.0,0.0,0.2,0.8,2.3
175,Kaiser Gates,SF,27,NOP,1,0,7.0,0.0,4.0,.000,0.0,2.0,.000,0.0,2.0,.000,.000,0.0,0.0,,0.0,1.0,1.0,0.0,0.0,0.0,0.0,0.0,0.0
176,Keyonte George,PG,20,UTA,44,16,24.1,3.4,9.1,.378,1.6,5.1,.323,1.8,4.0,.446,.468,2.5,3.1,.824,0.3,2.5,2.8,4.2,0.4,0.1,2.0,1.0,11.0
177,Paul George,PF,33,LAC,43,43,34.1,8.0,17.4,.463,3.4,8.3,.412,4.6,9.0,.510,.562,3.5,3.8,.909,0.6,4.8,5.5,3.5,1.6,0.4,2.1,2.9,23.0
178,Taj Gibson,PF,38,NYK,11,0,8.8,0.6,1.3,.500,0.0,0.4,.000,0.6,0.9,.700,.500,0.0,0.0,,0.5,1.1,1.6,0.5,0.1,0.5,0.2,1.8,1.3
179,Josh Giddey,SG,21,OKC,47,47,24.8,4.7,10.4,.450,0.9,2.8,.331,3.8,7.7,.493,.494,1.2,1.5,.812,1.4,4.9,6.3,4.6,0.7,0.5,2.1,1.2,11.5
180,Harry Giles,C,25,BRK,15,0,4.9,1.3,2.5,.500,0.1,0.7,.200,1.1,1.9,.607,.526,0.4,0.7,.545,0.7,0.8,1.5,0.3,0.1,0.2,0.4,0.8,3.1
181,Shai Gilgeous-Alexander,PG,25,OKC,47,47,34.4,10.9,20.1,.545,1.2,3.4,.348,9.7,16.6,.586,.575,8.3,9.3,.892,0.9,4.7,5.6,6.4,2.2,0.8,2.2,2.6,31.3
182,Anthony Gill,PF,31,WAS,27,0,5.8,0.9,1.7,.500,0.1,0.4,.250,0.7,1.3,.588,.533,0.4,0.6,.750,0.5,0.9,1.3,0.4,0.1,0.2,0.4,0.4,2.3
183,Collin Gillespie,PG,24,DEN,14,0,6.9,0.8,1.7,.458,0.3,0.9,.308,0.5,0.8,.636,.542,0.3,0.4,.800,0.1,0.3,0.4,0.6,0.4,0.0,0.4,0.9,2.1
184,Jacob Gilyard,PG,25,MEM,31,10,16.3,1.3,3.3,.398,1.1,2.7,.412,0.2,0.6,.333,.568,0.0,0.0,1.000,0.2,0.8,1.0,3.3,0.6,0.1,0.6,0.9,3.8
185,,,,,,,,,,,,,,,,,,,,,,,,,,,,,
186,Rudy Gobert,C,31,MIN,47,47,33.1,5.1,8.0,.639,0.0,0.0,.000,5.1,7.9,.642,.639,3.3,5.1,.632,3.4,9.0,12.4,1.2,0.6,2.1,1.6,2.9,13.4
187,Jordan Goodwin,PG,25,PHO,38,0,14.4,1.9,5.0,.384,0.6,2.1,.288,1.3,2.9,.455,.445,0.6,0.7,.852,1.1,2.0,3.1,2.0,0.6,0.2,0.8,1.1,5.1
188,Aaron Gordon,PF,28,DEN,43,43,32.0,5.4,10.0,.538,0.6,1.9,.300,4.8,8.1,.593,.566,2.3,3.7,.614,2.6,4.1,6.7,3.1,0.8,0.7,1.3,1.9,13.6
189,Eric Gordon,SG,35,PHO,40,20,30.3,4.7,10.4,.454,2.6,6.7,.383,2.2,3.8,.580,.577,0.8,1.0,.780,0.3,1.8,2.2,2.4,1.0,0.5,1.3,1.3,12.8
190,Devonte' Graham,PG,28,SAS,10,0,8.8,1.1,2.8,.393,0.7,2.0,.350,0.4,0.8,.500,.518,0.6,0.8,.750,0.2,1.1,1.3,1.9,0.3,0.1,0.3,0.4,3.5
191,Jerami Grant,PF,29,POR,43,43,33.6,7.3,15.8,.461,2.1,5.1,.403,5.2,10.7,.489,.527,4.6,5.7,.809,0.7,3.0,3.7,2.6,0.7,0.7,2.0,2.2,21.3
192,A.J. Green,SG,24,MIL,28,0,7.5,1.1,2.6,.425,0.9,2.3,.413,0.2,0.4,.500,.603,0.1,0.1,1.000,0.2,0.6,0.8,0.6,0.0,0.0,0.0,0.9,3.3
193,Danny Green,SG,36,PHI,2,0,9.0,0.0,1.0,.000,0.0,0.5,.000,0.0,0.5,.000,.000,0.0,0.0,,0.0,1.0,1.0,0.5,0.5,0.0,0.0,0.5,0.0
194,Draymond Green,PF,33,GSW,20,17,26.5,3.3,6.7,.485,1.2,2.8,.418,2.1,4.0,.532,.571,1.7,2.1,.805,1.2,4.8,6.0,6.1,0.8,0.8,2.4,3.2,9.3
195,Jalen Green,SG,21,HOU,47,47,30.9,6.3,15.1,.414,2.2,6.7,.325,4.1,8.4,.485,.486,3.8,4.6,.816,0.4,4.4,4.9,3.3,0.7,0.3,2.1,1.3,18.4
196,Jeff Green,PF,37,HOU,45,4,16.6,2.0,4.0,.497,0.4,1.3,.281,1.6,2.8,.597,.541,1.7,2.1,.830,0.6,1.4,2.0,0.7,0.2,0.5,0.6,1.4,6.1
197,Josh Green,SG,23,DAL,35,18,26.9,3.1,6.7,.470,1.3,3.3,.393,1.8,3.3,.547,.568,0.6,1.0,.556,0.6,2.4,3.0,2.5,0.7,0.1,1.1,2.1,8.2
198,AJ Griffin,SF,20,ATL,18,0,7.3,0.7,2.5,.289,0.5,1.8,.273,0.2,0.7,.333,.389,0.1,0.1,1.000,0.1,0.7,0.8,0.2,0.1,0.1,0.3,0.3,2.1
199,Quentin Grimes,SG,23,NYK,45,18,20.2,2.5,6.4,.395,1.7,4.7,.363,0.8,1.6,.486,.530,0.5,0.8,.706,0.3,1.6,2.0,1.2,0.7,0.1,0.5,1.5,7.3
200,Mouhamed Gueye,PF,21,ATL,2,0,2.0,0.0,0.5,.000,0.0,0.5,.000,0.0,0.0,,.000,0.0,0.0,,0.0,0.0,0.0,0.0,0.5,0.0,0.0,0.5,0.0
201,Rui Hachimura,PF,25,LAL,36,7,23.1,4.3,8.8,.492,1.2,3.0,.398,3.1,5.8,.541,.560,1.7,2.2,.759,0.8,2.8,3.6,1.1,0.8,0.3,0.8,1.3,11.5
202,Tyrese Haliburton,PG,23,IND,36,36,32.8,8.2,16.6,.492,3.3,8.2,.395,4.9,8.4,.587,.590,3.4,3.9,.865,0.7,3.4,4.1,12.3,1.1,0.7,2.4,1.1,23.0
203,R.J. Hampton,PG,22,MIA,8,2,9.5,0.5,1.8,.286,0.1,1.0,.125,0.4,0.8,.500,.321,0.1,0.3,.500,0.3,0.5,0.8,1.0,0.0,0.0,0.4,1.0,1.3
204,Tim Hardaway Jr.,SF,31,DAL,45,10,30.2,6.2,14.8,.423,3.3,8.9,.366,3.0,5.8,.510,.533,2.6,3.0,.872,0.3,3.4,3.7,1.7,0.5,0.0,1.0,1.5,18.3
205,James Harden,PG,34,LAC,41,41,34.1,5.1,11.3,.452,2.7,6.6,.413,2.4,4.8,.505,.571,4.3,4.9,.876,0.3,4.6,4.9,8.5,1.2,0.9,2.6,2.1,17.2
206,,,,,,,,,,,,,,,,,,,,,,,,,,,,,
207,Jaden Hardy,SG,21,DAL,43,6,16.1,3.0,7.6,.391,1.4,3.9,.355,1.6,3.7,.428,.482,0.8,1.1,.702,0.3,1.8,2.1,1.8,0.3,0.1,0.8,1.2,8.0
208,Ron Harper Jr.,PF,23,TOR,1,0,4.0,0.0,0.0,,0.0,0.0,,0.0,0.0,,,0.0,0.0,,0.0,0.0,0.0,1.0,0.0,0.0,0.0,2.0,0.0
209,Gary Harris,SG,29,ORL,27,6,22.8,2.4,5.7,.429,1.3,4.0,.333,1.1,1.7,.652,.545,0.9,1.1,.774,0.5,1.2,1.7,1.9,0.9,0.2,0.5,1.7,7.1
210,Joe Harris,SG,32,DET,15,0,10.5,0.9,2.4,.361,0.7,1.9,.345,0.2,0.5,.429,.500,0.1,0.1,.500,0.2,0.7,0.9,0.7,0.2,0.1,0.3,1.2,2.5
211,Kevon Harris,SG,26,ORL,1,0,3.0,0.0,0.0,,0.0,0.0,,0.0,0.0,,,0.0,0.0,,0.0,1.0,1.0,0.0,0.0,0.0,1.0,1.0,0.0
212,Tobias Harris,PF,31,PHI,44,44,34.0,6.8,13.3,.512,1.2,3.5,.344,5.6,9.8,.572,.557,3.1,3.5,.902,1.1,4.8,6.0,3.2,1.0,0.5,1.4,1.7,17.9
213,Shaquille Harrison,SG,30,MEM,3,0,2.0,0.3,0.7,.500,0.0,0.0,,0.3,0.7,.500,.500,0.0,0.0,,0.0,0.7,0.7,0.0,0.0,0.3,0.0,0.0,0.7
214,Josh Hart,SF,28,NYK,48,9,28.9,2.8,6.6,.432,0.8,2.8,.301,2.0,3.8,.527,.495,0.8,1.0,.833,1.3,5.5,6.8,3.0,0.8,0.3,1.2,1.8,7.3
215,Isaiah Hartenstein,C,25,NYK,47,21,25.4,2.8,4.4,.622,0.0,0.1,.333,2.7,4.4,.626,.624,1.3,1.9,.692,3.4,5.3,8.6,2.0,1.2,1.1,1.1,2.9,6.9
216,Sam Hauser,SF,26,BOS,48,5,21.7,2.9,6.4,.448,2.3,5.5,.417,0.6,0.9,.636,.627,0.2,0.3,.846,0.6,2.8,3.4,1.0,0.4,0.3,0.5,1.3,8.3
217,Jordan Hawkins,SG,21,NOP,43,10,21.7,3.4,8.4,.403,2.1,5.5,.388,1.3,2.9,.432,.530,1.4,1.7,.847,0.6,2.3,2.9,1.4,0.3,0.1,0.8,1.4,10.3
218,Jaxson Hayes,C,23,LAL,39,3,10.6,1.4,2.1,.691,0.0,0.1,.000,1.4,1.9,.737,.691,0.5,0.9,.588,0.6,1.4,2.0,0.4,0.4,0.4,0.5,1.8,3.4
219,Killian Hayes,PG,22,DET,41,30,23.9,2.8,6.7,.413,0.5,1.7,.286,2.3,5.0,.456,.449,0.8,1.2,.660,0.3,2.5,2.8,4.8,0.9,0.5,1.2,1.8,6.9
220,Gordon Hayward,SF,33,CHO,25,25,31.9,5.6,11.9,.468,0.9,2.4,.361,4.7,9.4,.496,.505,2.5,3.2,.765,1.0,3.7,4.7,4.6,1.1,0.5,2.0,1.8,14.5
221,Scoot Henderson,PG,19,POR,39,15,26.3,4.4,11.6,.374,1.2,3.8,.309,3.2,7.8,.407,.425,2.4,3.1,.790,0.8,2.1,2.9,4.6,0.6,0.3,3.0,3.0,12.3
222,Taylor Hendricks,PF,20,UTA,13,0,13.9,1.8,4.5,.397,0.9,2.7,.343,0.8,1.8,.478,.500,0.5,0.6,.750,0.8,1.4,2.2,0.5,0.7,0.5,0.7,0.9,4.9
223,Tyler Herro,SG,24,MIA,29,29,34.0,7.9,18.2,.433,3.3,8.3,.404,4.5,9.9,.456,.525,2.1,2.6,.838,0.6,4.9,5.4,4.2,1.0,0.1,2.3,1.5,21.2
224,Buddy Hield,SF,31,IND,49,28,25.9,4.4,10.1,.438,2.7,7.0,.383,1.7,3.1,.563,.571,0.6,0.7,.848,0.7,2.6,3.2,2.6,0.8,0.6,1.2,2.0,12.1
225,Haywood Highsmith,PF,27,MIA,34,22,21.2,2.2,5.0,.435,1.1,2.9,.390,1.0,2.1,.500,.550,0.6,0.7,.792,0.8,2.1,2.9,1.2,0.9,0.5,0.7,2.0,6.1
226,Nate Hinton,SG,24,HOU,8,0,4.3,0.6,1.4,.455,0.5,0.6,.800,0.1,0.8,.167,.636,0.0,0.0,,0.3,0.8,1.0,0.3,0.0,0.1,0.3,0.9,1.8
227,,,,,,,,,,,,,,,,,,,,,,,,,,,,,
228,D'Moi Hodge,SG,25,LAL,7,0,5.9,0.7,2.1,.333,0.4,1.7,.250,0.3,0.4,.667,.433,0.1,0.3,.500,0.0,0.0,0.0,0.7,0.1,0.1,0.1,0.6,2.0
229,Aaron Holiday,PG,27,HOU,44,1,17.2,2.3,5.3,.444,1.1,2.9,.394,1.2,2.4,.505,.552,0.7,0.8,.912,0.3,1.6,1.9,1.7,0.5,0.1,0.8,1.5,6.5
230,Jrue Holiday,PG,33,BOS,45,45,33.5,5.0,10.8,.465,2.0,4.8,.424,3.0,6.0,.498,.560,1.2,1.4,.828,1.4,4.6,6.0,4.6,0.8,0.8,1.9,1.6,13.3
231,Justin Holiday,SG,34,DEN,27,6,12.9,1.4,2.7,.500,0.8,1.9,.431,0.6,0.9,.652,.649,0.0,0.0,,0.1,1.0,1.1,0.9,0.6,0.1,0.2,1.2,3.6
232,Richaun Holmes,C,30,DAL,22,2,10.5,1.5,2.7,.559,0.0,0.0,,1.5,2.7,.559,.559,0.5,1.0,.571,1.5,2.0,3.5,0.6,0.1,0.4,0.5,1.5,3.5
233,Chet Holmgren,C,21,OKC,48,48,30.1,6.4,11.9,.533,1.6,4.1,.382,4.8,7.8,.614,.600,2.4,3.2,.770,1.5,6.1,7.6,2.7,0.6,2.6,1.7,2.5,16.7
234,Jalen Hood-Schifino,SG,20,LAL,15,0,6.1,0.5,2.3,.229,0.1,0.7,.091,0.5,1.6,.292,.243,0.7,1.1,.625,0.1,0.5,0.7,0.5,0.2,0.1,0.5,0.7,1.8
235,Al Horford,C,37,BOS,40,19,27.0,2.9,6.0,.479,1.7,4.0,.410,1.2,2.0,.620,.617,0.3,0.4,.857,1.3,5.6,6.8,2.9,0.5,1.0,0.8,1.6,7.7
236,Talen Horton-Tucker,PG,23,UTA,32,11,21.1,4.0,9.7,.411,1.2,3.6,.333,2.8,6.1,.456,.472,1.6,2.0,.800,0.4,2.1,2.5,4.1,1.0,0.3,1.6,1.9,10.8
237,Danuel House Jr.,SF,30,PHI,32,2,14.9,1.3,3.0,.442,0.5,1.5,.319,0.8,1.5,.563,.521,1.0,1.4,.750,0.4,1.1,1.6,0.8,0.5,0.2,0.6,1.3,4.1
238,Caleb Houstan,SF,21,ORL,36,7,15.6,1.6,4.1,.383,1.4,3.9,.360,0.2,0.3,.700,.550,0.5,0.6,.773,0.6,1.1,1.7,0.6,0.3,0.0,0.4,1.2,5.0
239,Jett Howard,SF,20,ORL,11,0,3.8,0.6,1.7,.368,0.4,1.3,.286,0.3,0.5,.600,.474,0.2,0.4,.500,0.1,0.4,0.5,0.3,0.0,0.1,0.2,0.1,1.8
240,Kevin Huerter,SG,25,SAC,44,39,24.9,4.1,9.1,.448,2.0,5.6,.364,2.0,3.5,.581,.560,0.6,0.8,.778,0.5,3.3,3.8,2.7,0.7,0.4,0.6,2.3,10.9
241,Jay Huff,C,25,DEN,6,0,2.8,0.5,1.0,.500,0.2,0.7,.250,0.3,0.3,1.000,.583,0.0,0.0,,0.0,0.2,0.2,0.2,0.0,0.0,0.2,0.8,1.2
242,De'Andre Hunter,SF,26,ATL,25,24,29.7,5.0,10.8,.459,1.9,4.8,.403,3.0,6.0,.503,.548,2.7,3.0,.907,0.6,3.4,4.0,1.4,0.8,0.4,1.6,2.9,14.6
243,Matthew Hurt,PF,23,MEM,1,0,23.0,3.0,6.0,.500,2.0,3.0,.667,1.0,3.0,.333,.667,2.0,2.0,1.000,1.0,1.0,2.0,1.0,0.0,0.0,0.0,1.0,10.0
244,Bones Hyland,PG,23,LAC,19,2,13.2,2.3,6.3,.367,1.1,3.4,.313,1.3,2.9,.429,.450,0.5,0.6,.833,0.2,0.7,0.9,1.7,0.5,0.1,1.2,1.4,6.2
245,Joe Ingles,SF,36,ORL,34,0,18.0,1.6,4.1,.396,1.0,2.7,.385,0.6,1.4,.417,.522,0.5,0.6,.850,0.4,2.1,2.6,3.1,0.7,0.1,1.0,1.6,4.8
246,Brandon Ingram,SF,26,NOP,44,44,33.1,8.0,16.4,.488,1.3,3.8,.349,6.7,12.5,.531,.529,4.1,5.2,.802,0.7,4.3,5.0,5.6,0.8,0.5,2.5,2.2,21.5
247,Kyrie Irving,SG,31,DAL,27,27,33.3,9.3,19.6,.472,2.9,7.0,.411,6.4,12.6,.506,.545,3.8,4.2,.895,0.8,4.3,5.1,5.3,1.3,0.4,1.6,1.9,25.2
248,,,,,,,,,,,,,,,,,,,,,,,,,,,,,
249,Jonathan Isaac,PF,26,ORL,30,1,14.1,2.3,4.8,.472,0.5,1.9,.281,1.7,2.9,.598,.528,1.2,1.6,.771,1.1,2.7,3.8,0.4,0.7,1.2,0.5,1.2,6.3
250,Jaden Ivey,SG,21,DET,43,27,26.7,5.0,11.1,.452,1.3,4.0,.333,3.7,7.1,.520,.513,2.9,4.0,.721,1.3,2.4,3.8,3.7,0.7,0.6,2.3,2.8,14.3
251,Andre Jackson Jr.,SG,22,MIL,39,8,11.5,1.1,2.0,.551,0.4,0.9,.389,0.7,1.1,.690,.641,0.2,0.2,.889,0.9,1.3,2.2,0.9,0.3,0.1,0.5,1.9,2.8
252,Gregory Jackson II,PF,19,MEM,16,0,16.3,2.8,6.2,.444,1.4,3.4,.407,1.4,2.8,.489,.556,1.6,2.1,.735,0.8,2.2,3.0,0.8,0.4,0.6,0.6,1.1,8.4
253,Isaiah Jackson,C,22,IND,36,1,13.4,2.8,4.1,.664,0.0,0.1,.000,2.8,4.1,.678,.664,1.3,1.8,.697,1.5,2.6,4.1,0.9,0.6,1.2,0.7,2.8,6.8
254,Jaren Jackson Jr.,C,24,MEM,46,46,31.8,7.5,16.9,.446,1.7,5.4,.316,5.8,11.5,.507,.496,5.2,6.2,.833,1.2,4.4,5.6,2.0,1.0,1.6,2.2,3.5,22.0
255,Reggie Jackson,PG,33,DEN,49,14,23.1,4.4,9.6,.459,1.3,3.6,.379,3.0,6.0,.507,.530,1.0,1.3,.774,0.4,1.7,2.1,4.0,0.6,0.2,1.4,1.9,11.1
256,Trayce Jackson-Davis,PF,23,GSW,33,3,14.1,2.9,4.2,.683,0.0,0.0,,2.9,4.2,.683,.683,1.0,1.8,.567,1.7,2.6,4.2,1.0,0.4,0.8,0.7,1.6,6.8
257,LeBron James,PF,39,LAL,44,44,34.7,9.3,17.9,.520,2.2,5.4,.397,7.2,12.5,.574,.581,4.1,5.6,.726,0.9,6.5,7.5,7.7,1.3,0.6,3.3,1.2,24.9
258,Jaime Jaquez Jr.,SF,22,MIA,42,15,29.8,5.1,10.3,.501,1.0,2.9,.341,4.1,7.3,.565,.550,2.1,2.5,.840,1.2,2.6,3.8,2.6,1.1,0.3,1.7,2.5,13.4
259,DaQuan Jeffries,SG,26,NYK,10,0,3.0,0.5,1.2,.417,0.1,0.5,.200,0.4,0.7,.571,.458,0.0,0.2,.000,0.0,0.5,0.5,0.2,0.0,0.0,0.1,0.2,1.1
260,Trey Jemison,C,24,TOT,3,0,5.0,0.7,0.7,1.000,0.0,0.0,,0.7,0.7,1.000,1.000,0.3,0.3,1.000,0.3,1.0,1.3,0.0,0.0,0.3,0.3,0.7,1.7
261,Trey Jemison,C,24,WAS,2,0,0.5,0.0,0.0,,0.0,0.0,,0.0,0.0,,,0.0,0.0,,0.0,0.5,0.5,0.0,0.0,0.0,0.5,0.0,0.0
262,Trey Jemison,C,24,MEM,1,0,14.0,2.0,2.0,1.000,0.0,0.0,,2.0,2.0,1.000,1.000,1.0,1.0,1.000,1.0,2.0,3.0,0.0,0.0,1.0,0.0,2.0,5.0
263,Ty Jerome,SG,26,CLE,2,0,7.5,1.0,2.0,.500,0.0,0.5,.000,1.0,1.5,.667,.500,0.0,0.0,,0.5,0.0,0.5,1.5,0.0,0.0,0.5,1.0,2.0
264,Isaiah Joe,SG,24,OKC,47,0,18.8,3.0,6.4,.462,2.0,4.8,.424,0.9,1.6,.571,.620,0.7,0.8,.842,0.4,2.0,2.4,1.1,0.6,0.3,0.6,1.2,8.6
265,Cameron Johnson,PF,27,BRK,38,38,28.4,5.2,11.3,.457,2.5,6.1,.405,2.7,5.2,.518,.566,1.2,1.6,.738,1.1,3.5,4.6,2.6,0.8,0.2,0.9,1.9,14.0
266,Jalen Johnson,SF,22,ATL,33,30,33.0,6.2,11.4,.543,1.2,3.2,.371,5.0,8.2,.609,.594,2.0,2.7,.753,1.2,7.1,8.3,3.2,1.4,0.8,1.9,2.7,15.6
267,James Johnson,PF,36,IND,5,0,4.8,0.4,1.0,.400,0.0,0.2,.000,0.4,0.8,.500,.400,0.0,0.0,,0.2,0.6,0.8,1.0,0.8,0.0,0.4,0.8,0.8
268,Keldon Johnson,SF,24,SAS,45,26,30.6,6.0,13.4,.452,1.8,5.2,.338,4.3,8.2,.524,.517,2.8,3.6,.779,1.4,4.5,5.9,3.3,0.9,0.3,1.6,2.4,16.7
269,Keon Johnson,SG,21,BRK,1,0,21.0,3.0,8.0,.375,2.0,4.0,.500,1.0,4.0,.250,.500,4.0,4.0,1.000,0.0,1.0,1.0,1.0,1.0,1.0,1.0,1.0,12.0
270,Keyontae Johnson,SF,23,OKC,6,0,8.0,0.7,1.8,.364,0.2,0.3,.500,0.5,1.5,.333,.409,0.0,0.0,,0.5,0.5,1.0,0.7,0.0,0.0,0.5,0.5,1.5
271,,,,,,,,,,,,,,,,,,,,,,,,,,,,,
272,Nikola Jokić,C,28,DEN,47,47,33.7,10.2,17.5,.585,1.0,2.9,.358,9.2,14.6,.631,.615,4.8,5.9,.815,3.0,9.1,12.1,9.0,1.2,0.9,2.9,2.6,26.3
273,Colby Jones,SG,21,SAC,15,0,7.3,1.1,2.8,.381,0.1,0.9,.077,1.0,1.9,.517,.393,0.1,0.2,.667,0.6,0.8,1.4,0.6,0.3,0.1,0.3,1.0,2.3
274,Damian Jones,C,28,CLE,21,0,6.7,0.8,1.5,.531,0.1,0.3,.286,0.7,1.2,.600,.563,0.5,0.5,.909,0.4,1.0,1.5,0.4,0.1,0.4,0.4,0.7,2.2
275,Derrick Jones Jr.,SF,26,DAL,43,42,25.8,3.7,7.7,.486,1.4,3.9,.349,2.3,3.7,.631,.576,1.3,1.8,.737,1.2,2.4,3.6,1.0,0.8,0.8,1.0,1.9,10.1
276,Herbert Jones,SF,25,NOP,44,44,28.5,3.9,7.9,.494,1.4,3.5,.396,2.5,4.4,.573,.582,1.8,2.0,.856,1.1,2.5,3.6,2.5,1.1,0.9,1.2,2.8,10.9
277,Tre Jones,PG,24,SAS,43,14,25.7,3.7,7.5,.502,0.7,2.2,.298,3.1,5.3,.586,.545,1.3,1.5,.892,0.7,2.3,3.1,5.7,1.0,0.1,1.4,1.3,9.5
278,Tyus Jones,PG,27,WAS,47,47,28.6,5.1,10.4,.495,1.5,3.7,.403,3.6,6.6,.547,.568,0.5,0.7,.742,0.3,2.6,2.9,6.3,1.2,0.3,0.9,0.7,12.3
279,DeAndre Jordan,C,35,DEN,24,1,12.2,1.7,2.7,.641,0.0,0.0,,1.7,2.7,.641,.641,0.9,2.0,.447,1.7,3.1,4.8,0.8,0.2,0.5,0.8,1.8,4.3
280,Cory Joseph,PG,32,GSW,25,0,11.6,0.8,2.4,.333,0.4,1.6,.282,0.4,0.8,.429,.425,0.2,0.3,.571,0.2,0.9,1.2,1.6,0.2,0.1,0.5,1.0,2.2
281,Nikola Jović,PF,20,MIA,19,12,16.7,1.9,4.8,.402,1.0,2.4,.422,0.9,2.5,.383,.505,0.6,1.1,.550,0.9,3.4,4.3,1.9,0.3,0.4,0.9,1.9,5.5
282,Johnny Juzang,SG,22,UTA,1,0,4.0,0.0,2.0,.000,0.0,2.0,.000,0.0,0.0,,.000,0.0,0.0,,0.0,0.0,0.0,1.0,0.0,0.0,0.0,0.0,0.0
283,Luke Kennard,SG,27,MEM,21,9,24.6,3.5,8.1,.433,2.7,6.3,.432,0.8,1.9,.436,.599,0.8,0.9,.895,0.4,2.8,3.2,3.1,0.5,0.0,1.0,1.0,10.6
284,Walker Kessler,C,22,UTA,42,13,23.1,3.7,5.7,.660,0.1,0.4,.250,3.6,5.3,.689,.668,0.8,1.6,.515,2.5,4.9,7.4,0.8,0.5,2.7,1.0,2.1,8.4
285,Braxton Key,SF,26,DEN,13,0,3.4,0.4,1.1,.357,0.1,0.3,.250,0.3,0.8,.400,.393,0.3,0.4,.800,0.2,0.6,0.8,0.6,0.2,0.0,0.1,0.3,1.2
286,Corey Kispert,SF,24,WAS,46,1,21.7,4.0,8.3,.479,1.9,5.2,.364,2.1,3.2,.669,.592,1.4,1.8,.768,0.3,1.9,2.2,1.5,0.3,0.2,1.0,1.5,11.3
287,Maxi Kleber,C,32,DAL,13,2,18.7,1.2,3.3,.349,0.5,1.8,.292,0.6,1.5,.421,.430,0.8,1.2,.667,0.7,2.3,3.0,1.5,0.2,0.6,0.9,2.2,3.6
288,Kevin Knox,SF,24,DET,29,9,18.2,3.0,6.2,.475,1.1,3.1,.344,1.9,3.1,.604,.561,0.7,0.8,.909,0.6,1.9,2.5,0.7,0.4,0.2,0.7,1.6,7.7
289,John Konchar,SF,27,MEM,38,9,18.4,1.4,3.4,.422,0.6,1.9,.297,0.8,1.4,.593,.508,0.3,0.4,.786,1.1,3.0,4.1,1.6,0.7,0.9,0.6,1.2,3.7
290,Furkan Korkmaz,SG,26,PHI,32,0,7.8,0.8,2.2,.391,0.4,1.2,.351,0.4,1.0,.438,.486,0.3,0.5,.688,0.0,0.6,0.7,0.8,0.4,0.0,0.3,0.5,2.4
291,Luke Kornet,C,28,BOS,33,2,15.1,2.2,3.3,.685,0.0,0.0,,2.2,3.3,.685,.685,0.8,0.9,.897,1.8,2.0,3.9,0.9,0.4,1.0,0.5,1.4,5.3
292,,,,,,,,,,,,,,,,,,,,,,,,,,,,,
293,Jonathan Kuminga,PF,21,GSW,43,17,24.3,5.6,10.5,.532,0.8,2.6,.324,4.7,7.9,.600,.572,2.8,3.9,.713,1.2,3.3,4.5,1.6,0.7,0.4,1.5,2.2,14.8
294,Kyle Kuzma,PF,28,WAS,47,47,31.4,8.6,18.9,.457,2.2,6.7,.331,6.4,12.1,.527,.516,2.5,3.2,.799,1.0,5.5,6.5,4.3,0.4,0.7,2.7,2.0,22.0
295,Jock Landale,C,28,HOU,27,0,9.2,0.9,2.3,.387,0.1,0.6,.118,0.8,1.7,.489,.403,0.4,0.6,.733,1.3,0.8,2.1,0.6,0.3,0.4,0.4,1.0,2.3
296,Jake LaRavia,PF,22,MEM,11,0,11.1,1.5,3.9,.372,0.5,2.2,.208,1.0,1.7,.579,.430,0.3,0.4,.750,0.6,0.8,1.5,0.5,0.1,0.1,0.4,1.7,3.6
297,Zach LaVine,SG,28,CHI,25,23,34.9,6.8,15.0,.452,2.4,6.8,.349,4.4,8.3,.536,.531,3.5,4.1,.854,0.3,4.8,5.2,3.9,0.8,0.3,2.1,2.3,19.5
298,A.J. Lawson,SG,23,DAL,22,0,9.7,1.5,3.5,.447,0.5,1.7,.316,1.0,1.7,.579,.526,0.5,0.8,.706,0.5,0.8,1.3,0.6,0.4,0.1,0.5,0.8,4.2
299,Saben Lee,PG,24,PHO,11,0,6.8,0.8,1.9,.429,0.0,0.5,.000,0.8,1.5,.563,.429,1.2,1.5,.765,0.5,0.6,1.1,1.1,0.3,0.3,0.5,0.5,2.8
300,Alex Len,C,30,SAC,17,0,8.8,1.1,1.7,.621,0.0,0.1,.000,1.1,1.6,.667,.621,0.2,0.6,.400,1.4,1.9,3.3,1.1,0.2,0.5,0.6,1.1,2.4
301,Kawhi Leonard,SF,32,LAC,42,42,34.4,9.0,17.2,.526,2.2,5.0,.439,6.8,12.1,.563,.591,3.6,4.1,.884,1.2,5.1,6.3,3.7,1.7,0.9,1.5,1.5,23.9
302,Caris LeVert,SG,29,CLE,36,1,28.4,5.6,13.1,.425,1.8,5.4,.337,3.7,7.6,.487,.495,2.5,3.3,.756,0.5,2.9,3.4,4.1,1.1,0.4,1.6,1.6,15.4
303,Kira Lewis Jr.,PG,22,TOT,16,0,9.1,1.0,3.3,.308,0.1,1.3,.100,0.9,2.0,.438,.327,0.6,0.7,.909,0.3,0.6,0.9,1.1,0.3,0.1,0.5,0.6,2.8
304,Kira Lewis Jr.,PG,22,NOP,15,0,9.6,1.1,3.5,.308,0.1,1.3,.100,0.9,2.1,.438,.327,0.7,0.7,.909,0.3,0.7,0.9,1.2,0.3,0.1,0.5,0.5,2.9
305,Kira Lewis Jr.,PG,22,TOR,1,0,2.0,0.0,0.0,,0.0,0.0,,0.0,0.0,,,0.0,0.0,,0.0,0.0,0.0,0.0,0.0,0.0,0.0,1.0,0.0
306,Maxwell Lewis,SF,21,LAL,18,0,3.7,0.2,0.7,.250,0.1,0.2,.333,0.1,0.5,.222,.292,0.0,0.0,,0.1,0.1,0.2,0.2,0.1,0.0,0.3,0.2,0.4
307,E.J. Liddell,PF,23,NOP,8,0,2.9,0.1,0.8,.167,0.0,0.6,.000,0.1,0.1,1.000,.167,0.3,0.3,1.000,0.0,0.6,0.6,0.1,0.3,0.3,0.3,0.3,0.5
308,Damian Lillard,PG,33,MIL,45,45,35.3,7.4,17.6,.422,3.0,8.6,.343,4.4,8.9,.498,.506,7.4,8.0,.925,0.6,3.7,4.3,6.8,1.1,0.2,2.5,1.6,25.1
309,Nassir Little,SF,23,PHO,28,2,13.4,1.6,3.4,.484,0.6,1.9,.308,1.1,1.5,.698,.568,0.6,0.7,.850,0.5,1.7,2.2,0.6,0.4,0.3,0.4,1.1,4.5
310,Dereck Lively II,C,19,DAL,36,35,26.0,4.2,5.6,.739,0.0,0.1,.000,4.2,5.6,.746,.739,0.9,1.6,.544,2.9,5.0,7.9,1.3,0.6,1.4,1.2,3.1,9.2
311,Isaiah Livers,PF,25,DET,23,6,20.4,1.7,5.0,.345,1.0,3.3,.286,0.8,1.7,.462,.440,0.5,0.8,.667,0.7,1.4,2.1,1.1,0.6,0.2,0.7,1.9,5.0
312,Chris Livingston,SF,20,MIL,13,0,4.5,0.5,1.0,.538,0.1,0.1,1.000,0.5,0.9,.500,.577,0.2,0.2,1.000,0.2,0.8,1.0,0.3,0.2,0.0,0.2,0.5,1.3
313,Kenneth Lofton Jr.,PF,21,TOT,16,0,6.4,0.9,2.4,.359,0.2,0.6,.300,0.7,1.8,.379,.397,0.5,0.9,.533,0.1,0.9,1.1,0.9,0.2,0.2,0.5,0.9,2.4
314,Kenneth Lofton Jr.,PF,21,MEM,15,0,6.6,0.9,2.5,.378,0.2,0.7,.300,0.7,1.8,.407,.419,0.5,1.0,.533,0.1,0.9,1.0,0.9,0.2,0.2,0.4,1.0,2.6
315,Kenneth Lofton Jr.,PF,21,PHI,1,0,4.0,0.0,2.0,.000,0.0,0.0,,0.0,2.0,.000,.000,0.0,0.0,,0.0,2.0,2.0,0.0,0.0,0.0,2.0,0.0,0.0
316,Kevon Looney,C,27,GSW,44,36,19.5,2.2,3.6,.610,0.0,0.0,.000,2.2,3.6,.614,.610,0.9,1.2,.704,2.4,4.3,6.8,2.3,0.5,0.3,0.8,2.4,5.3
317,,,,,,,,,,,,,,,,,,,,,,,,,,,,,
318,Brook Lopez,C,35,MIL,48,48,31.9,5.0,10.2,.491,1.8,5.1,.348,3.2,5.1,.633,.578,1.5,1.8,.828,1.6,3.9,5.5,1.6,0.6,2.8,0.9,2.6,13.3
319,Robin Lopez,C,35,MIL,13,0,2.9,0.2,0.6,.375,0.2,0.5,.333,0.1,0.2,.500,.500,0.2,0.2,1.000,0.1,0.2,0.2,0.3,0.0,0.1,0.1,0.3,0.8
320,Kevin Love,PF,35,MIA,37,5,17.9,2.8,6.6,.432,1.5,4.5,.335,1.3,2.1,.645,.547,1.9,2.4,.789,1.1,5.1,6.1,2.3,0.4,0.2,0.8,1.8,9.1
321,Kyle Lowry,PG,37,MIA,37,35,28.0,2.8,6.5,.426,1.7,4.4,.385,1.1,2.2,.506,.554,0.9,1.1,.833,0.7,2.8,3.5,4.0,1.1,0.4,1.4,2.5,8.2
322,Seth Lundy,SF,23,ATL,9,0,5.8,0.4,1.9,.235,0.3,1.4,.231,0.1,0.4,.250,.324,0.3,0.4,.750,0.1,0.7,0.8,0.0,0.0,0.0,0.1,0.7,1.6
323,Trey Lyles,PF,28,SAC,32,0,20.1,2.4,5.4,.442,1.5,3.9,.384,0.9,1.5,.596,.581,0.7,1.1,.618,0.9,3.6,4.6,1.3,0.2,0.3,0.6,1.6,6.9
324,Théo Maledon,PG,22,CHO,13,1,15.4,1.5,5.1,.288,0.4,2.3,.167,1.1,2.8,.389,.326,0.8,0.9,.917,0.3,1.5,1.8,2.2,0.5,0.0,1.2,1.4,4.2
325,Sandro Mamukelashvili,C,24,SAS,26,0,6.8,0.9,2.3,.407,0.3,1.2,.250,0.6,1.0,.593,.475,0.5,0.6,.750,0.6,1.3,1.9,1.0,0.2,0.3,0.3,0.7,2.6
326,Terance Mann,SG,27,LAC,40,36,25.1,2.9,6.5,.452,0.9,3.0,.298,2.0,3.5,.587,.521,0.8,1.1,.750,1.2,2.0,3.2,1.8,0.6,0.3,0.6,1.9,7.6
327,Tre Mann,PG,22,OKC,13,0,9.2,1.5,3.1,.500,0.6,1.5,.421,0.9,1.6,.571,.600,0.1,0.1,1.000,0.3,1.5,1.8,1.5,0.2,0.0,0.7,0.2,3.8
328,Boban Marjanović,C,35,HOU,8,0,5.5,1.0,2.4,.421,0.0,0.3,.000,1.0,2.1,.471,.421,0.1,0.5,.250,0.6,1.6,2.3,0.5,0.0,0.1,0.1,0.5,2.1
329,Lauri Markkanen,PF,26,UTA,40,40,32.5,7.9,16.0,.495,3.2,8.1,.398,4.7,8.0,.594,.595,4.6,5.2,.879,2.4,6.3,8.7,2.0,0.9,0.5,1.2,1.9,23.6
330,Naji Marshall,SF,26,NOP,39,1,18.6,2.6,5.7,.455,0.8,2.2,.379,1.7,3.5,.504,.529,1.5,1.9,.781,1.0,2.6,3.5,1.9,0.7,0.2,1.0,1.5,7.5
331,Caleb Martin,SF,28,MIA,31,12,26.3,3.9,8.8,.445,1.2,3.1,.381,2.7,5.6,.480,.513,1.4,1.8,.764,1.2,3.5,4.7,2.1,0.7,0.3,1.2,2.0,10.4
332,Cody Martin,SF,28,CHO,16,10,26.2,2.8,7.6,.364,1.0,3.0,.333,1.8,4.6,.384,.430,0.8,1.4,.522,0.8,2.5,3.3,3.1,1.2,0.7,1.4,1.9,7.3
333,KJ Martin,SF,23,TOT,33,0,8.9,1.0,2.0,.493,0.0,0.3,.091,1.0,1.7,.571,.500,0.3,0.7,.478,0.2,0.8,1.0,0.5,0.4,0.1,0.4,1.3,2.4
334,KJ Martin,SF,23,LAC,2,0,15.5,2.0,5.0,.400,0.5,2.5,.200,1.5,2.5,.600,.450,0.5,1.0,.500,0.5,1.0,1.5,0.5,1.0,0.5,1.0,1.5,5.0
335,KJ Martin,SF,23,PHI,31,0,8.5,0.9,1.8,.509,0.0,0.2,.000,0.9,1.6,.569,.509,0.3,0.7,.476,0.2,0.7,1.0,0.5,0.4,0.0,0.4,1.3,2.2
336,Garrison Mathews,SG,27,ATL,33,3,12.6,1.2,2.6,.453,1.1,2.4,.450,0.1,0.2,.500,.663,0.1,0.3,.444,0.2,1.0,1.2,0.5,0.2,0.1,0.5,1.7,3.6
337,Bennedict Mathurin,SF,21,IND,47,14,25.5,5.1,11.1,.456,1.3,3.5,.364,3.8,7.6,.499,.513,2.9,3.5,.834,1.0,2.8,3.9,1.9,0.6,0.2,1.6,2.0,14.3
338,Wesley Matthews,SG,37,ATL,19,1,11.2,0.5,2.1,.256,0.3,1.6,.200,0.2,0.5,.444,.333,0.7,1.0,.737,0.2,1.2,1.4,0.6,0.5,0.2,0.3,1.4,2.1
339,Tyrese Maxey,PG,23,PHI,43,43,37.5,9.0,19.8,.454,3.2,8.3,.383,5.8,11.6,.504,.533,5.1,5.9,.866,0.6,3.0,3.6,6.4,1.0,0.6,1.5,2.1,26.3
340,,,,,,,,,,,,,,,,,,,,,,,,,,,,,
341,Skylar Mays,PG-SG,26,TOT,26,5,14.8,2.3,5.7,.399,0.6,2.0,.314,1.7,3.7,.443,.453,0.5,0.7,.765,0.4,1.2,1.5,3.1,0.6,0.1,0.7,0.9,5.7
342,Skylar Mays,PG,26,POR,21,5,17.0,2.5,6.6,.384,0.7,2.3,.286,1.9,4.2,.438,.435,0.6,0.8,.765,0.4,1.3,1.8,3.6,0.7,0.1,0.9,1.0,6.3
343,Skylar Mays,SG,26,LAL,5,0,6.0,1.2,2.0,.600,0.4,0.4,1.000,0.8,1.6,.500,.700,0.0,0.0,,0.2,0.4,0.6,1.2,0.4,0.0,0.0,0.8,2.8
344,Miles McBride,PG,23,NYK,36,2,10.5,1.9,4.1,.456,1.1,2.5,.456,0.7,1.6,.456,.595,0.3,0.4,.800,0.1,0.6,0.7,0.9,0.5,0.1,0.3,1.1,5.2
345,CJ McCollum,PG,32,NOP,34,34,32.0,6.9,14.7,.465,3.4,7.8,.436,3.5,7.0,.498,.580,2.0,2.5,.802,0.6,3.6,4.2,4.7,1.1,0.9,1.7,2.1,19.1
346,T.J. McConnell,PG,31,IND,38,3,17.0,3.5,6.7,.525,0.1,0.4,.118,3.5,6.3,.555,.529,0.9,1.2,.750,0.5,2.1,2.6,5.5,1.1,0.1,1.5,1.1,8.0
347,Jaden McDaniels,SF,23,MIN,38,37,28.8,4.5,8.7,.517,1.2,3.3,.370,3.3,5.4,.608,.588,0.7,0.9,.771,0.7,1.9,2.7,1.3,0.9,0.5,1.1,3.1,10.9
348,Jalen McDaniels,SF,26,TOR,29,0,9.0,1.1,3.3,.344,0.3,1.7,.208,0.8,1.7,.479,.396,0.5,0.7,.700,0.3,1.0,1.2,0.6,0.4,0.1,0.3,0.9,3.1
349,Doug McDermott,SF,32,SAS,43,0,15.3,2.1,4.7,.441,1.7,3.8,.438,0.4,0.9,.450,.616,0.2,0.4,.588,0.2,0.9,1.0,1.3,0.2,0.0,0.6,1.0,6.0
350,JaVale McGee,C,36,SAC,36,0,8.2,2.0,3.1,.649,0.0,0.1,.000,2.0,3.0,.667,.649,0.7,1.1,.610,1.0,2.0,3.0,0.4,0.3,0.5,0.9,1.1,4.7
351,Bryce McGowens,SG,21,CHO,37,11,16.0,1.7,3.9,.441,0.7,1.9,.362,1.1,2.1,.513,.528,0.9,1.2,.744,0.3,1.4,1.7,0.9,0.2,0.1,0.5,1.4,5.0
352,Jordan McLaughlin,PG,27,MIN,27,0,9.2,1.0,2.4,.406,0.5,1.3,.371,0.5,1.1,.448,.508,0.1,0.2,.500,0.3,0.7,1.0,1.8,0.7,0.2,0.4,0.5,2.5
353,De'Anthony Melton,SG,25,PHI,33,33,29.1,3.9,9.9,.393,2.1,5.8,.363,1.8,4.1,.437,.500,1.9,2.3,.827,0.8,3.2,4.0,3.2,1.6,0.5,1.2,2.4,11.8
354,Nathan Mensah,C,25,CHO,21,0,13.1,0.5,1.1,.435,0.0,0.0,,0.5,1.1,.435,.435,0.4,0.6,.750,1.2,1.6,2.8,0.4,0.3,0.7,0.6,2.8,1.4
355,Sam Merrill,SG,27,CLE,31,0,16.4,2.9,6.6,.437,2.5,5.7,.438,0.4,1.0,.433,.624,0.3,0.4,.909,0.5,1.6,2.0,1.5,0.3,0.0,0.3,1.3,8.6
356,Chimezie Metu,C,26,PHO,36,5,12.2,1.8,3.5,.508,0.4,1.4,.294,1.4,2.1,.653,.567,1.1,1.2,.884,0.6,2.3,3.0,0.5,0.5,0.3,0.7,1.1,5.0
357,Vasilije Micić,PG,30,OKC,27,0,11.9,1.3,3.1,.417,0.4,1.5,.250,0.9,1.6,.568,.476,0.5,0.7,.737,0.0,0.8,0.8,2.4,0.3,0.1,0.9,0.8,3.5
358,Khris Middleton,SF,32,MIL,41,41,26.4,5.7,11.7,.491,1.7,4.6,.378,4.0,7.1,.564,.565,1.9,2.2,.835,0.6,3.7,4.3,5.0,0.9,0.3,2.1,2.4,15.0
359,Brandon Miller,SF,21,CHO,40,34,31.0,5.7,13.2,.433,2.1,5.7,.374,3.6,7.6,.477,.513,1.7,2.1,.817,0.8,3.1,3.9,2.3,0.7,0.5,1.6,2.6,15.3
360,Jordan Miller,SF,24,LAC,4,0,4.0,0.8,1.3,.600,0.3,0.3,1.000,0.5,1.0,.500,.700,0.0,0.0,,0.5,0.3,0.8,0.0,0.0,0.0,0.3,0.5,1.8
361,Leonard Miller,SF,20,MIN,5,0,3.8,1.2,1.8,.667,0.2,0.6,.333,1.0,1.2,.833,.722,0.0,0.0,,0.0,1.8,1.8,0.2,0.2,0.2,0.2,0.6,2.6
362,Dariq Whitehead,SF,19,BRK,2,0,12.0,0.5,2.5,.200,0.0,1.5,.000,0.5,1.0,.500,.200,0.5,1.0,.500,0.0,2.0,2.0,1.5,0.0,0.5,0.0,0.0,1.5
363,,,,,,,,,,,,,,,,,,,,,,,,,,,,,
364,Patty Mills,PG,35,ATL,16,0,10.9,1.1,2.8,.400,0.8,1.9,.433,0.3,0.9,.333,.544,0.0,0.0,,0.3,0.7,1.0,0.8,0.4,0.1,0.5,1.1,3.1
365,Shake Milton,SG,27,MIN,37,0,13.1,1.7,4.2,.408,0.4,1.4,.264,1.4,2.8,.481,.452,1.0,1.2,.818,0.2,1.1,1.3,1.4,0.4,0.1,0.8,1.2,4.8
366,Justin Minaya,SF,24,POR,12,0,9.6,0.5,1.7,.300,0.3,1.1,.231,0.3,0.6,.429,.375,0.3,0.5,.500,0.4,0.7,1.1,0.4,0.3,0.4,0.3,0.8,1.5
367,Josh Minott,SF,21,MIN,15,0,3.1,0.5,1.2,.444,0.0,0.3,.000,0.5,0.9,.615,.444,0.7,0.8,.833,0.1,0.1,0.2,0.2,0.1,0.2,0.1,0.4,1.7
368,Davion Mitchell,PG,25,SAC,36,3,12.5,1.4,3.6,.377,0.5,1.9,.269,0.9,1.8,.492,.446,0.4,0.5,.737,0.2,0.8,1.0,1.7,0.2,0.1,0.6,1.2,3.6
369,Donovan Mitchell,SG,27,CLE,37,37,35.6,9.9,21.2,.466,3.2,9.2,.348,6.7,12.0,.556,.542,5.2,6.1,.854,1.0,4.4,5.4,6.4,1.9,0.5,2.8,2.2,28.1
370,Evan Mobley,PF,22,CLE,23,23,32.5,6.5,11.4,.573,0.1,0.5,.182,6.4,10.9,.590,.576,2.3,2.9,.776,2.5,7.6,10.1,2.8,0.8,1.5,2.2,2.8,15.4
371,Isaiah Mobley,PF,24,CLE,3,0,4.7,0.7,1.3,.500,0.3,0.7,.500,0.3,0.7,.500,.625,0.0,0.0,,0.0,0.7,0.7,1.3,0.3,0.0,0.3,0.7,1.7
372,Malik Monk,SG,25,SAC,45,0,25.3,4.8,11.2,.431,2.3,6.1,.377,2.5,5.1,.496,.534,2.3,2.8,.816,0.4,2.2,2.6,5.3,0.6,0.6,2.2,1.9,14.2
373,Moses Moody,SG,21,GSW,34,4,18.0,3.1,6.5,.482,1.1,3.1,.358,2.0,3.4,.595,.568,1.3,1.7,.789,1.1,2.0,3.1,0.8,0.7,0.3,0.7,1.4,8.7
374,Xavier Moon,SG,29,LAC,2,0,6.0,0.5,1.0,.500,0.0,0.5,.000,0.5,0.5,1.000,.500,0.0,0.0,,0.0,1.0,1.0,1.5,0.0,0.0,0.5,0.5,1.0
375,Taze Moore,SG,25,POR,3,0,3.3,1.0,1.7,.600,0.0,0.7,.000,1.0,1.0,1.000,.600,0.0,0.0,,0.0,0.0,0.0,0.3,0.3,0.0,0.3,0.7,2.0
376,Wendell Moore Jr.,SG,22,MIN,12,0,3.1,0.3,0.5,.667,0.0,0.2,.000,0.3,0.3,1.000,.667,0.0,0.0,,0.0,0.4,0.4,0.1,0.3,0.1,0.2,0.3,0.7
377,Ja Morant,PG,24,MEM,9,9,35.3,8.9,18.9,.471,1.6,5.7,.275,7.3,13.2,.555,.512,5.8,7.1,.813,0.7,4.9,5.6,8.1,0.8,0.6,3.0,2.1,25.1
378,Marcus Morris,PF,34,PHI,35,6,17.0,2.4,5.4,.442,1.0,2.4,.400,1.4,3.0,.476,.532,0.9,1.0,.861,0.5,2.4,2.9,0.7,0.3,0.3,0.5,1.7,6.7
379,Markieff Morris,PF,34,DAL,16,1,9.4,0.9,2.9,.319,0.6,1.8,.321,0.4,1.2,.316,.415,0.2,0.3,.750,0.3,1.5,1.8,0.7,0.3,0.1,0.6,0.7,2.6
380,Monte Morris,PG,28,DET,4,0,12.3,2.8,6.0,.458,0.5,1.8,.286,2.3,4.3,.529,.500,0.3,0.5,.500,0.0,1.8,1.8,1.8,0.3,0.3,0.5,0.3,6.3
381,Trey Murphy III,SF,23,NOP,23,4,25.9,4.3,10.2,.427,2.6,7.2,.355,1.8,3.0,.603,.553,1.7,2.2,.780,0.5,3.4,3.9,1.8,0.7,0.3,0.6,1.3,13.0
382,Dejounte Murray,SG,27,ATL,46,46,34.8,8.3,17.6,.472,2.3,6.1,.383,5.9,11.4,.519,.538,2.6,3.1,.832,0.7,4.3,5.0,5.2,1.3,0.3,2.3,1.7,21.5
383,Jamal Murray,PG,26,DEN,35,35,31.8,7.9,16.6,.478,2.3,5.7,.414,5.6,10.9,.512,.549,3.0,3.5,.860,0.6,3.2,3.8,6.4,0.8,0.7,1.9,2.0,21.2
384,,,,,,,,,,,,,,,,,,,,,,,,,,,,,
385,Keegan Murray,SF,23,SAC,42,42,33.0,6.1,13.0,.469,2.5,6.6,.372,3.7,6.5,.568,.563,1.5,1.8,.792,1.4,4.1,5.5,1.6,1.2,0.6,0.9,2.6,16.1
386,Kris Murray,SF,23,POR,28,0,12.4,1.3,3.5,.371,0.5,1.8,.294,0.8,1.6,.457,.448,0.3,0.4,.667,0.6,1.2,1.8,0.6,0.8,0.2,0.5,0.8,3.4
387,Mike Muscala,C,32,TOT,31,3,13.6,1.4,3.6,.378,0.7,2.2,.319,0.6,1.4,.476,.477,0.5,0.7,.727,0.9,2.1,3.0,0.9,0.2,0.4,0.5,1.3,3.9
388,Mike Muscala,C,32,WAS,24,2,14.1,1.4,3.8,.367,0.6,2.1,.275,0.8,1.6,.487,.444,0.6,0.8,.750,0.9,2.2,3.1,0.9,0.2,0.3,0.7,1.3,4.0
389,Mike Muscala,C,32,DET,7,1,12.1,1.3,3.0,.429,1.1,2.6,.444,0.1,0.4,.333,.619,0.1,0.3,.500,0.7,1.9,2.6,0.9,0.1,0.6,0.1,1.3,3.9
390,Svi Mykhailiuk,SF,26,BOS,21,0,7.7,0.9,2.8,.328,0.7,2.2,.298,0.2,0.5,.455,.448,0.1,0.3,.500,0.2,0.6,0.9,0.3,0.3,0.0,0.3,0.5,2.6
391,Larry Nance Jr.,C,31,NOP,31,0,17.8,2.2,3.9,.567,0.6,1.3,.462,1.6,2.6,.617,.642,0.8,1.0,.800,1.3,3.8,5.1,1.3,1.0,0.4,0.7,1.2,5.7
392,Pete Nance,PF,23,CLE,2,0,2.0,0.0,1.0,.000,0.0,0.0,,0.0,1.0,.000,.000,0.0,0.0,,0.0,0.0,0.0,0.0,0.0,0.0,0.0,0.0,0.0
393,Andrew Nembhard,PG,24,IND,35,15,22.2,3.9,8.1,.484,0.7,2.3,.329,3.2,5.9,.544,.530,0.8,1.0,.800,0.6,1.2,1.8,4.7,0.8,0.1,1.9,2.1,9.4
394,Aaron Nesmith,SF,24,IND,44,19,26.8,4.6,8.8,.519,2.2,4.7,.464,2.4,4.1,.583,.643,1.2,1.7,.716,1.0,3.0,3.9,1.4,1.0,0.7,0.9,3.3,12.5
395,Georges Niang,PF,30,CLE,46,1,22.1,3.4,7.8,.436,1.8,4.8,.363,1.7,3.0,.555,.549,0.7,0.8,.861,0.3,3.4,3.8,1.3,0.2,0.2,0.7,2.3,9.3
396,Daishen Nix,PG,21,MIN,6,0,3.5,0.5,1.3,.375,0.3,0.8,.400,0.2,0.5,.333,.500,0.0,0.3,.000,0.0,0.2,0.2,0.0,0.2,0.0,0.0,0.0,1.3
397,Zeke Nnaji,PF,23,DEN,37,0,9.4,1.1,2.5,.457,0.1,0.4,.313,1.0,2.1,.487,.484,0.7,1.1,.641,1.1,1.0,2.1,0.5,0.2,0.5,0.6,1.5,3.1
398,Jaylen Nowell,SG,24,MEM,9,1,17.3,2.4,6.1,.400,0.4,2.6,.174,2.0,3.6,.563,.436,0.3,0.3,1.000,0.3,1.2,1.6,1.8,0.3,0.0,0.6,1.4,5.7
399,Markquis Nowell,SG,24,TOR,1,0,4.0,0.0,1.0,.000,0.0,0.0,,0.0,1.0,.000,.000,2.0,2.0,1.000,2.0,0.0,2.0,2.0,1.0,0.0,0.0,0.0,2.0
400,Frank Ntilikina,PG,25,CHO,5,0,8.6,0.2,1.8,.111,0.2,1.6,.125,0.0,0.2,.000,.167,0.4,0.4,1.000,0.2,1.0,1.2,0.8,0.0,0.0,0.2,0.8,1.0
401,Jusuf Nurkić,C,29,PHO,45,45,27.4,4.5,8.9,.505,0.5,1.8,.266,4.0,7.2,.563,.531,2.3,3.3,.709,2.6,7.6,10.3,3.6,1.0,1.0,2.1,3.4,11.8
402,Jordan Nwora,SF,25,TOT,22,0,11.1,2.3,5.0,.459,0.9,2.4,.365,1.4,2.6,.544,.546,0.9,1.0,.864,0.5,1.5,2.0,1.1,0.3,0.1,0.7,1.2,6.3
403,Jordan Nwora,SF,25,IND,18,0,10.2,2.1,4.6,.451,0.6,2.0,.306,1.4,2.6,.565,.518,0.5,0.6,.818,0.4,1.4,1.8,1.0,0.3,0.1,0.7,1.1,5.2
404,Jordan Nwora,SF,25,TOR,4,0,15.5,3.3,6.8,.481,2.0,4.0,.500,1.3,2.8,.455,.630,2.5,2.8,.909,1.0,2.0,3.0,1.8,0.3,0.3,0.8,1.8,11.0
405,Royce O'Neale,SF,30,BRK,46,6,24.3,2.4,6.3,.384,1.9,5.2,.361,0.6,1.2,.481,.531,0.3,0.4,.650,0.8,3.8,4.5,2.9,0.7,0.6,1.0,2.5,7.0
406,Chuma Okeke,SF,25,ORL,29,8,12.7,1.2,3.3,.379,0.8,2.4,.310,0.5,0.8,.583,.495,0.1,0.2,.400,0.6,1.8,2.4,0.6,0.2,0.2,0.4,0.6,3.3
407,Josh Okogie,SG,25,PHO,42,11,18.3,1.6,3.9,.409,0.5,1.8,.263,1.1,2.1,.534,.470,1.5,2.1,.719,1.3,1.7,3.0,1.2,0.9,0.5,0.5,1.5,5.2
408,Onyeka Okongwu,C,23,ATL,46,3,24.7,3.6,6.1,.593,0.3,1.1,.294,3.3,5.0,.659,.620,1.7,2.1,.813,2.5,4.1,6.6,1.4,0.5,1.0,0.9,2.9,9.2
409,,,,,,,,,,,,,,,,,,,,,,,,,,,,,
410,Isaac Okoro,SF,23,CLE,37,24,26.4,3.2,6.5,.496,0.9,2.4,.382,2.3,4.1,.563,.567,1.5,2.2,.687,1.3,1.9,3.2,1.9,0.9,0.4,0.8,2.1,8.9
411,Kelly Olynyk,C,32,UTA,48,8,20.5,2.9,5.1,.563,0.7,1.7,.427,2.2,3.4,.630,.634,1.6,1.9,.843,1.2,3.8,5.1,4.3,0.8,0.3,1.7,2.6,8.1
412,Eugene Omoruyi,SF,26,WAS,19,0,5.8,1.7,2.9,.582,0.3,0.9,.294,1.4,2.0,.711,.627,0.8,1.1,.762,0.6,0.9,1.5,0.6,0.5,0.1,0.5,1.1,4.5
413,Cedi Osman,SF,28,SAS,48,1,18.2,2.8,5.8,.486,1.2,3.2,.373,1.6,2.6,.626,.589,0.6,1.0,.674,0.4,2.2,2.6,1.9,0.5,0.1,0.6,1.5,7.4
414,Kelly Oubre Jr.,SF,28,PHI,35,24,28.1,5.1,10.7,.473,1.5,4.4,.342,3.5,6.3,.566,.544,1.7,2.4,.714,1.0,3.2,4.3,1.1,1.2,0.6,0.9,2.8,13.3
415,Chris Paul,PG,38,GSW,32,11,27.6,3.3,7.7,.424,1.3,3.7,.361,1.9,3.9,.484,.512,1.1,1.3,.833,0.3,3.5,3.8,7.2,1.1,0.1,1.2,1.8,8.9
416,Cameron Payne,PG,29,MIL,44,2,15.0,2.2,4.8,.459,1.1,2.8,.403,1.0,1.9,.541,.579,0.8,0.9,.875,0.1,1.1,1.2,2.3,0.4,0.1,0.7,1.6,6.3
417,Gary Payton II,SG,31,GSW,16,0,16.3,2.3,4.9,.456,0.6,2.0,.281,1.7,2.9,.574,.513,0.4,0.6,.667,1.0,2.0,3.0,0.8,1.1,0.3,0.6,1.8,5.4
418,Drew Peterson,PF,24,BOS,1,0,3.0,1.0,1.0,1.000,1.0,1.0,1.000,0.0,0.0,,1.500,0.0,0.0,,0.0,0.0,0.0,1.0,0.0,0.0,0.0,1.0,3.0
419,Filip Petrušev,C,23,TOT,3,0,3.3,0.3,0.7,.500,0.0,0.0,,0.3,0.7,.500,.500,0.3,0.7,.500,0.0,0.3,0.3,0.0,0.0,0.0,0.0,0.3,1.0
420,Filip Petrušev,C,23,PHI,1,0,3.0,0.0,0.0,,0.0,0.0,,0.0,0.0,,,0.0,0.0,,0.0,1.0,1.0,0.0,0.0,0.0,0.0,0.0,0.0
421,Filip Petrušev,C,23,SAC,2,0,3.5,0.5,1.0,.500,0.0,0.0,,0.5,1.0,.500,.500,0.5,1.0,.500,0.0,0.0,0.0,0.0,0.0,0.0,0.0,0.5,1.5
422,Julian Phillips,SF,20,CHI,25,0,6.2,0.6,1.5,.432,0.2,0.8,.211,0.5,0.7,.667,.486,0.2,0.4,.545,0.2,0.4,0.6,0.3,0.0,0.2,0.2,0.8,1.7
423,Jalen Pickett,SG,24,DEN,16,0,6.1,0.8,1.8,.429,0.4,1.3,.350,0.3,0.5,.625,.554,0.1,0.1,1.000,0.1,0.6,0.7,0.8,0.2,0.0,0.4,0.5,2.1
424,Scotty Pippen Jr.,PG,23,MEM,5,2,20.2,2.8,6.2,.452,1.2,2.4,.500,1.6,3.8,.421,.548,2.0,2.8,.714,0.8,2.4,3.2,4.0,1.2,0.4,2.2,2.0,8.8
425,Mason Plumlee,C,33,LAC,16,7,17.5,2.3,3.6,.649,0.0,0.0,,2.3,3.6,.649,.649,1.5,2.4,.615,1.5,4.1,5.6,1.1,0.3,0.4,0.6,1.4,6.1
426,Brandin Podziemski,SG,20,GSW,38,11,24.9,3.7,8.0,.462,1.3,3.3,.381,2.4,4.7,.520,.541,0.6,1.0,.605,1.5,3.9,5.4,3.2,0.8,0.1,1.3,1.9,9.2
427,Jakob Poeltl,C,28,TOR,36,36,26.5,4.7,6.9,.685,0.0,0.0,,4.7,6.9,.685,.685,1.2,2.2,.532,2.8,5.6,8.3,2.5,0.7,1.4,1.6,2.9,10.6
428,Aleksej Pokusevski,PF,22,OKC,8,0,6.0,0.4,1.6,.231,0.1,1.1,.111,0.3,0.5,.500,.269,0.1,0.3,.500,0.3,0.9,1.1,0.6,0.0,0.1,0.4,0.6,1.0
429,Jordan Poole,SG,24,WAS,45,45,29.2,5.9,14.3,.414,2.0,6.3,.312,4.0,8.0,.493,.482,2.7,3.1,.871,0.4,1.8,2.2,3.4,1.0,0.4,2.2,3.0,16.5
430,Craig Porter Jr.,PG,23,CLE,29,5,15.9,2.9,5.7,.512,0.2,0.7,.333,2.7,4.9,.538,.534,1.1,1.6,.696,0.5,2.2,2.7,3.1,0.6,0.4,1.1,1.0,7.1
431,Jontay Porter,PF,24,TOR,14,5,14.3,1.6,4.4,.361,0.8,2.4,.333,0.8,2.0,.393,.451,0.8,0.9,.917,1.1,2.4,3.5,2.1,0.8,0.8,0.6,1.8,4.7
432,,,,,,,,,,,,,,,,,,,,,,,,,,,,,
433,Michael Porter Jr.,SF,25,DEN,49,49,31.5,6.1,12.9,.475,2.7,6.8,.396,3.4,6.1,.562,.579,1.0,1.2,.770,1.3,5.8,7.1,1.3,0.5,0.7,1.0,2.0,15.9
434,Otto Porter Jr.,SF,30,TOR,15,1,11.6,0.9,2.2,.424,0.5,1.5,.348,0.4,0.7,.600,.545,0.2,0.2,1.000,0.4,1.5,1.9,0.5,0.3,0.3,0.1,1.3,2.6
435,Bobby Portis,PF,28,MIL,48,0,23.3,5.0,9.9,.500,1.1,2.9,.379,3.9,7.0,.551,.556,1.3,1.7,.775,1.5,5.3,6.8,1.0,0.6,0.4,0.9,2.5,12.3
436,Kristaps Porziņģis,C,28,BOS,35,35,29.7,6.5,12.4,.520,1.8,5.1,.350,4.7,7.3,.639,.592,4.7,5.5,.840,1.7,5.2,6.9,2.0,0.7,1.9,1.7,2.9,19.4
437,Micah Potter,PF,25,UTA,2,0,3.5,0.0,0.5,.000,0.0,0.5,.000,0.0,0.0,,.000,0.0,0.0,,0.0,2.0,2.0,0.0,0.0,0.0,0.0,0.0,0.0
438,Dwight Powell,C,32,DAL,41,8,15.6,1.5,2.1,.709,0.0,0.0,.500,1.5,2.0,.714,.715,1.4,1.9,.727,1.8,2.0,3.8,1.7,0.5,0.4,0.6,2.1,4.4
439,Norman Powell,SG,30,LAC,46,0,25.4,4.7,9.5,.494,2.1,4.6,.450,2.7,5.0,.535,.603,2.0,2.3,.849,0.2,2.5,2.6,1.0,0.5,0.4,0.9,1.8,13.5
440,Joshua Primo,SG,21,LAC,1,0,5.0,1.0,2.0,.500,0.0,1.0,.000,1.0,1.0,1.000,.500,0.0,0.0,,0.0,0.0,0.0,0.0,0.0,1.0,3.0,0.0,2.0
441,Taurean Prince,PF,29,LAL,47,47,30.4,3.4,8.1,.427,2.0,5.3,.386,1.4,2.8,.508,.554,0.6,0.8,.744,0.2,2.7,3.0,1.7,0.9,0.5,0.9,2.2,9.6
442,Payton Pritchard,PG,26,BOS,49,0,21.0,2.8,6.6,.424,1.7,4.4,.378,1.1,2.2,.519,.551,0.6,0.7,.794,0.9,2.2,3.1,2.9,0.4,0.1,0.6,1.3,7.8
443,Olivier-Maxence Prosper,PF,21,DAL,25,0,9.6,0.9,2.6,.354,0.3,1.3,.250,0.6,1.3,.455,.415,0.9,1.4,.676,0.6,1.6,2.2,0.8,0.1,0.1,0.2,0.7,3.1
444,Trevelin Queen,SG,26,ORL,12,0,12.9,1.2,3.0,.389,0.3,1.3,.188,0.9,1.7,.550,.431,0.8,1.0,.750,0.3,1.3,1.5,1.5,0.6,0.4,0.6,1.2,3.3
445,Neemias Queta,C,24,BOS,21,0,12.4,2.0,3.3,.586,0.0,0.0,,2.0,3.3,.586,.586,0.7,1.0,.750,1.8,2.5,4.3,0.5,0.3,0.7,0.4,2.0,4.6
446,Immanuel Quickley,SG-PG,24,TOT,42,12,26.2,5.2,11.9,.440,2.3,5.6,.410,2.9,6.3,.466,.536,2.8,3.2,.866,0.2,2.9,3.1,3.5,0.6,0.1,1.1,1.6,15.5
447,Immanuel Quickley,SG,24,NYK,30,0,24.0,5.1,11.2,.454,2.1,5.4,.395,2.9,5.8,.509,.549,2.7,3.1,.872,0.2,2.4,2.6,2.5,0.5,0.1,1.0,1.5,15.0
448,Immanuel Quickley,PG,24,TOR,12,12,31.8,5.6,13.6,.411,2.7,6.0,.444,2.9,7.6,.385,.509,2.8,3.3,.850,0.3,4.3,4.6,6.1,0.8,0.2,1.4,2.0,16.7
449,Lester Quinones,SG,23,GSW,10,0,6.9,1.0,2.5,.400,0.6,1.5,.400,0.4,1.0,.400,.520,0.1,0.2,.500,0.4,0.8,1.2,0.5,0.1,0.1,0.5,0.8,2.7
450,Julius Randle,PF,29,NYK,46,46,35.4,8.6,18.2,.472,1.7,5.3,.311,6.9,12.9,.539,.518,5.1,6.6,.781,2.2,7.0,9.2,5.0,0.5,0.3,3.5,2.7,24.0
451,Duop Reath,C,27,POR,36,11,17.6,3.4,7.1,.475,1.4,3.6,.374,2.0,3.4,.581,.571,1.0,1.3,.783,1.4,2.5,3.9,1.2,0.5,0.5,0.8,2.5,9.1
452,Austin Reaves,SG,25,LAL,50,25,30.7,5.4,11.0,.488,1.7,4.7,.359,3.7,6.3,.584,.564,3.1,3.6,.860,0.7,3.2,3.9,5.2,0.9,0.1,2.1,1.8,15.5
453,Cam Reddish,SF,24,LAL,35,26,23.3,2.4,5.9,.405,0.9,2.7,.337,1.5,3.1,.464,.483,1.0,1.3,.783,0.5,1.9,2.4,1.3,1.2,0.3,0.9,1.6,6.7
454,Paul Reed,C,24,PHI,47,11,16.3,2.7,4.9,.552,0.2,0.6,.370,2.5,4.3,.576,.574,0.6,0.8,.711,2.0,3.0,5.0,1.2,0.7,0.7,0.8,2.3,6.2
455,,,,,,,,,,,,,,,,,,,,,,,,,,,,,
456,Naz Reid,C,24,MIN,48,0,22.4,4.6,9.5,.487,2.0,4.8,.417,2.7,4.8,.557,.591,1.1,1.4,.754,0.9,3.6,4.6,1.1,0.7,0.7,1.3,2.0,12.4
457,Jared Rhoden,SG,24,DET,5,0,6.0,1.0,1.8,.556,0.2,0.8,.250,0.8,1.0,.800,.611,0.4,0.4,1.000,0.2,0.6,0.8,0.6,0.0,0.0,0.4,0.8,2.6
458,Nick Richards,C,26,CHO,37,24,25.1,3.7,5.4,.688,0.0,0.0,,3.7,5.4,.688,.688,2.2,2.9,.748,2.7,5.1,7.8,0.8,0.3,1.4,1.0,2.7,9.6
459,Josh Richardson,SG,30,MIA,38,5,25.9,3.6,8.2,.442,1.6,4.4,.353,2.1,3.8,.545,.537,1.2,1.3,.940,0.4,2.3,2.8,2.5,0.6,0.4,0.9,1.7,10.0
460,Duncan Robinson,SF,29,MIA,45,17,27.5,4.6,10.1,.452,2.8,6.8,.404,1.8,3.3,.550,.588,1.3,1.5,.879,0.2,2.2,2.5,2.8,0.6,0.2,1.4,2.3,13.2
461,Jerome Robinson,SG,26,GSW,7,0,3.7,0.0,1.3,.000,0.0,0.7,.000,0.0,0.6,.000,.000,0.6,0.9,.667,0.1,0.3,0.4,0.3,0.0,0.1,0.0,0.1,0.6
462,Mitchell Robinson,C,25,NYK,21,21,29.2,2.8,4.7,.592,0.0,0.0,,2.8,4.7,.592,.592,0.7,1.8,.368,5.3,5.0,10.3,0.7,1.5,1.3,1.0,1.9,6.2
463,Orlando Robinson,C,23,MIA,20,7,11.5,1.6,3.0,.517,0.4,0.6,.583,1.2,2.4,.500,.575,0.7,1.0,.700,1.0,2.2,3.1,1.4,0.3,0.4,0.7,1.5,4.2
464,Jeremiah Robinson-Earl,PF,23,NOP,19,1,10.8,1.6,3.0,.526,0.4,1.1,.381,1.2,1.9,.611,.596,0.5,0.6,.909,0.7,1.8,2.5,0.5,0.4,0.2,0.5,0.7,4.1
465,David Roddy,PF,22,MEM,45,12,22.9,3.0,7.8,.393,1.0,3.2,.301,2.1,4.6,.456,.454,0.9,1.3,.707,1.1,3.1,4.2,1.5,0.6,0.2,1.0,1.4,8.0
466,Ryan Rollins,PG,21,WAS,10,0,6.6,1.3,2.5,.520,0.2,0.3,.667,1.1,2.2,.500,.560,1.3,1.7,.765,0.2,0.9,1.1,1.1,0.8,0.3,0.7,0.7,4.1
467,Derrick Rose,PG,35,MEM,17,7,17.9,3.3,7.5,.438,0.6,1.9,.333,2.6,5.6,.474,.480,1.1,1.2,.905,0.4,1.4,1.8,3.4,0.4,0.1,1.3,1.1,8.4
468,Terry Rozier,SG-PG,29,TOT,35,34,34.6,7.7,17.3,.449,2.6,7.2,.356,5.2,10.0,.516,.523,3.3,3.8,.851,0.6,3.3,3.9,6.5,1.1,0.4,2.1,1.7,21.3
469,Terry Rozier,SG,29,CHO,30,30,35.5,8.4,18.3,.459,2.8,7.7,.358,5.6,10.6,.533,.535,3.6,4.3,.845,0.6,3.3,3.9,6.6,1.1,0.4,2.2,1.7,23.2
470,Terry Rozier,PG,29,MIA,5,4,29.4,3.8,11.0,.345,1.4,4.2,.333,2.4,6.8,.353,.409,1.0,1.0,1.000,0.6,3.0,3.6,5.6,1.0,0.4,1.4,1.6,10.0
471,Rayan Rupert,SG,19,POR,16,0,7.4,0.9,2.7,.349,0.4,1.1,.412,0.5,1.6,.308,.430,0.3,0.5,.625,0.4,0.9,1.3,0.7,0.2,0.0,0.4,0.4,2.6
472,D'Angelo Russell,PG,27,LAL,46,39,30.9,6.3,13.5,.467,2.6,6.2,.419,3.7,7.3,.507,.563,1.8,2.3,.787,0.4,2.3,2.7,6.3,0.8,0.5,2.0,2.0,17.0
473,Matt Ryan,SF,26,NOP,13,1,22.9,2.9,6.4,.458,2.5,5.2,.471,0.5,1.2,.400,.651,1.0,1.1,.929,0.4,1.9,2.3,1.1,0.4,0.1,1.2,1.8,9.3
474,Domantas Sabonis,C,27,SAC,46,46,35.4,8.0,13.0,.616,0.5,1.1,.451,7.5,11.9,.632,.636,3.4,5.0,.680,3.3,9.8,13.0,8.0,0.8,0.5,3.3,3.2,19.9
475,Luka Šamanić,PF,24,UTA,22,0,6.1,1.0,2.6,.386,0.2,1.0,.238,0.8,1.6,.472,.430,0.6,0.8,.824,0.3,1.5,1.8,0.2,0.0,0.1,0.4,0.6,2.9
476,Jermaine Samuels,SF,25,HOU,9,0,5.0,0.6,0.9,.625,0.0,0.2,.000,0.6,0.7,.833,.625,0.2,0.2,1.000,0.2,0.9,1.1,0.2,0.1,0.1,0.0,0.3,1.3
477,Adama Sanogo,PF,21,CHI,3,0,3.7,1.0,1.0,1.000,0.0,0.0,,1.0,1.0,1.000,1.000,0.7,1.0,.667,0.7,1.3,2.0,0.0,0.0,0.0,0.3,0.0,2.7
478,,,,,,,,,,,,,,,,,,,,,,,,,,,,,
479,Gui Santos,PF,21,GSW,6,0,5.8,0.7,1.8,.364,0.2,1.0,.167,0.5,0.8,.600,.409,1.0,1.0,1.000,0.8,1.2,2.0,0.3,0.0,0.0,0.3,0.5,2.5
480,Dario Šarić,C,29,GSW,44,9,20.5,3.5,7.4,.481,1.5,3.8,.412,2.0,3.6,.553,.586,1.6,1.9,.854,1.4,4.0,5.5,2.6,0.6,0.2,1.3,2.2,10.2
481,Olivier Sarr,C,24,OKC,10,0,7.3,0.6,1.2,.500,0.2,0.5,.400,0.4,0.7,.571,.583,0.6,0.8,.750,0.7,2.0,2.7,0.2,0.0,0.5,0.2,1.5,2.0
482,Marcus Sasser,PG,23,DET,42,0,15.4,2.7,5.8,.471,1.0,2.5,.406,1.7,3.2,.522,.560,0.7,0.8,.906,0.1,1.4,1.5,2.7,0.5,0.2,0.9,1.3,7.1
483,Admiral Schofield,PF,26,ORL,12,0,3.8,0.4,1.3,.333,0.2,0.8,.222,0.3,0.5,.500,.400,0.0,0.2,.000,0.1,0.5,0.6,0.3,0.0,0.0,0.3,0.6,1.0
484,Dennis Schröder,PG,30,TOR,47,33,31.0,5.0,11.1,.450,1.5,4.3,.353,3.5,6.8,.511,.518,2.5,2.9,.853,0.4,2.3,2.7,6.3,0.9,0.1,1.7,2.1,13.9
485,Dereon Seabron,SG,23,NOP,5,0,10.4,0.8,2.6,.308,0.2,0.4,.500,0.6,2.2,.273,.346,1.0,1.2,.833,0.2,1.2,1.4,0.8,0.4,0.2,0.0,0.8,2.8
486,Alperen Şengün,C,21,HOU,47,47,32.7,8.6,15.9,.541,0.6,2.0,.280,8.1,14.0,.578,.558,3.9,5.4,.720,2.7,6.5,9.2,5.1,1.2,0.7,2.6,3.3,21.7
487,Brice Sensabaugh,SF,20,UTA,4,0,3.0,0.5,1.5,.333,0.3,0.5,.500,0.3,1.0,.250,.417,0.0,0.0,,0.3,0.5,0.8,0.5,0.0,0.0,0.0,0.3,1.3
488,Collin Sexton,SG,25,UTA,50,27,24.3,6.0,12.3,.485,1.5,3.9,.383,4.5,8.4,.533,.546,4.1,4.6,.879,0.9,1.7,2.6,4.5,0.7,0.2,1.8,2.0,17.5
489,Landry Shamet,SG,26,WAS,30,0,15.0,2.8,6.1,.451,1.3,3.4,.382,1.5,2.7,.537,.557,0.9,1.2,.778,0.3,1.0,1.3,1.4,0.5,0.2,0.6,1.7,7.8
490,Day'Ron Sharpe,C,22,BRK,37,1,16.0,3.0,5.2,.575,0.0,0.2,.143,3.0,5.0,.591,.578,1.5,2.4,.614,2.8,4.2,7.0,1.4,0.5,0.9,1.0,2.3,7.5
491,Shaedon Sharpe,SG,20,POR,32,25,33.1,5.5,13.6,.406,1.9,5.6,.333,3.6,7.9,.457,.475,3.1,3.7,.824,1.3,3.7,5.0,2.9,0.9,0.4,2.3,2.8,15.9
492,Ben Sheppard,SG,22,IND,27,0,10.8,1.1,3.0,.363,0.6,1.9,.288,0.5,1.0,.500,.456,0.3,0.4,.750,0.3,1.1,1.4,0.9,0.6,0.0,0.2,1.4,3.0
493,Pascal Siakam,PF,29,TOT,47,47,34.4,8.4,16.0,.527,1.1,3.4,.327,7.3,12.5,.582,.562,4.1,5.4,.749,1.6,4.9,6.5,4.9,0.8,0.2,2.1,2.4,22.0
494,Pascal Siakam,PF,29,TOR,39,39,34.7,8.3,16.0,.522,1.2,3.7,.317,7.2,12.3,.584,.559,4.3,5.7,.758,1.4,4.9,6.3,4.9,0.8,0.3,2.1,2.2,22.2
495,Pascal Siakam,PF,29,IND,8,8,32.8,8.8,15.9,.551,0.9,2.1,.412,7.9,13.8,.573,.579,2.8,4.0,.688,2.4,5.0,7.4,5.1,0.6,0.1,1.9,3.5,21.1
496,Ben Simmons,PG,27,BRK,7,6,29.9,3.4,5.9,.585,0.0,0.0,,3.4,5.9,.585,.585,0.1,0.6,.250,3.0,7.4,10.4,7.3,0.6,0.9,2.1,2.7,7.0
497,Anfernee Simons,SG,24,POR,26,26,33.6,8.0,18.2,.439,3.3,8.7,.387,4.6,9.5,.486,.531,3.6,4.0,.904,0.5,2.9,3.5,5.2,0.4,0.2,2.5,2.1,22.9
498,Jericho Sims,C,25,NYK,25,7,9.1,0.8,1.0,.731,0.0,0.0,,0.8,1.0,.731,.731,0.2,0.3,.571,0.8,1.4,2.1,0.3,0.1,0.4,0.3,0.8,1.7
499,Dmytro Skapintsev,C,25,NYK,2,0,1.0,0.0,0.5,.000,0.0,0.0,,0.0,0.5,.000,.000,0.0,0.0,,0.0,0.0,0.0,0.0,0.0,0.0,0.0,0.0,0.0
500,Jalen Slawson,SF,24,SAC,5,0,3.8,0.4,0.6,.667,0.0,0.2,.000,0.4,0.4,1.000,.667,0.0,0.0,,0.0,0.8,0.8,0.4,0.0,0.2,0.4,0.6,0.8
501,,,,,,,,,,,,,,,,,,,,,,,,,,,,,
502,Javonte Smart,PG,24,PHI,1,0,1.0,0.0,0.0,,0.0,0.0,,0.0,0.0,,,0.0,0.0,,0.0,0.0,0.0,0.0,0.0,0.0,0.0,0.0,0.0
503,Marcus Smart,PG,29,MEM,20,20,30.3,5.1,11.9,.430,2.1,6.7,.313,3.0,5.2,.583,.519,2.2,2.8,.768,0.3,2.4,2.7,4.3,2.1,0.3,3.1,2.7,14.5
504,Dennis Smith Jr.,PG,26,BRK,32,1,19.6,2.9,6.6,.434,0.5,1.9,.267,2.4,4.8,.500,.472,0.9,1.1,.806,1.0,2.3,3.3,4.0,1.2,0.2,1.2,2.4,7.2
505,Dru Smith,SG,26,MIA,9,0,14.6,1.7,3.7,.455,0.8,1.9,.412,0.9,1.8,.500,.561,0.2,0.2,1.000,0.7,0.9,1.6,1.6,1.0,0.3,0.6,1.3,4.3
506,Ish Smith,PG,35,CHO,39,3,16.6,1.5,3.5,.438,0.1,0.2,.429,1.5,3.3,.438,.449,0.1,0.1,.750,0.3,1.5,1.7,3.3,0.3,0.1,1.1,1.1,3.2
507,Jabari Smith Jr.,PF,20,HOU,42,42,31.5,5.0,10.5,.472,1.7,4.5,.374,3.3,6.1,.543,.551,1.8,2.2,.809,1.9,6.6,8.5,1.5,0.6,0.8,1.2,2.8,13.4
508,Jalen Smith,C,23,IND,35,13,18.3,4.2,6.6,.629,1.1,2.4,.476,3.0,4.2,.716,.716,1.3,1.8,.698,1.6,4.1,5.7,1.1,0.3,0.6,0.9,2.3,10.7
509,Nick Smith Jr.,SG,19,CHO,31,0,15.1,2.5,5.7,.427,1.4,2.9,.467,1.1,2.8,.386,.545,0.1,0.1,.750,0.5,1.0,1.5,1.1,0.1,0.2,0.9,1.1,6.4
510,Terquavion Smith,PG,21,PHI,5,0,4.8,0.6,2.6,.231,0.6,2.0,.300,0.0,0.6,.000,.346,0.4,0.4,1.000,0.0,0.0,0.0,1.2,0.8,0.0,0.4,0.2,2.2
511,Jeremy Sochan,PF,20,SAS,48,47,29.5,4.5,10.2,.444,1.0,2.8,.373,3.5,7.4,.470,.495,1.6,2.0,.792,1.8,4.2,5.9,3.8,0.7,0.5,2.0,2.4,11.7
512,Jaden Springer,SG,21,PHI,29,0,10.6,1.2,3.3,.379,0.3,1.1,.258,1.0,2.2,.438,.421,0.7,0.9,.778,0.7,0.9,1.5,0.9,0.7,0.3,0.8,1.6,3.5
513,Lamar Stevens,PF,26,BOS,18,1,6.4,1.1,2.3,.463,0.1,0.4,.286,0.9,1.9,.500,.488,0.4,0.6,.727,0.6,1.0,1.6,0.4,0.3,0.3,0.5,0.7,2.7
514,Isaiah Stewart,PF,22,DET,35,34,30.6,4.1,8.6,.470,1.4,3.7,.374,2.7,4.9,.544,.551,1.5,2.0,.746,1.8,5.0,6.8,1.7,0.4,0.8,1.5,2.5,11.0
515,Julian Strawther,SF,21,DEN,33,0,13.9,2.2,5.6,.384,1.1,3.5,.322,1.0,2.1,.486,.484,0.5,0.7,.696,0.1,1.4,1.5,1.1,0.5,0.2,0.5,1.4,5.9
516,Max Strus,SF,27,CLE,46,46,33.0,4.5,11.2,.404,2.5,7.4,.336,2.0,3.8,.534,.515,1.1,1.3,.806,0.8,4.2,5.1,3.7,0.9,0.5,1.6,2.7,12.6
517,Jalen Suggs,SG,22,ORL,44,44,26.5,4.4,9.8,.449,2.0,5.2,.383,2.4,4.7,.522,.550,1.5,2.0,.773,0.7,2.5,3.2,2.4,1.4,0.6,1.9,2.9,12.3
518,Cole Swider,SF,24,MIA,9,0,4.9,1.0,2.3,.429,0.6,1.7,.333,0.4,0.7,.667,.548,0.0,0.0,,0.1,0.1,0.2,0.3,0.1,0.1,0.3,0.2,2.6
519,Jae'Sean Tate,SF,28,HOU,44,9,18.2,1.9,3.9,.477,0.4,1.5,.292,1.4,2.4,.589,.532,0.5,0.6,.714,1.0,2.4,3.3,1.1,0.7,0.2,0.5,2.4,4.6
520,Jayson Tatum,PF,25,BOS,46,46,35.9,9.1,19.2,.471,3.0,8.2,.367,6.0,11.0,.549,.550,5.7,7.0,.814,0.9,7.5,8.4,4.4,1.0,0.6,2.6,2.1,26.8
521,Terry Taylor,PF,24,CHI,17,0,7.5,0.8,1.5,.538,0.1,0.4,.143,0.8,1.1,.684,.558,0.1,0.1,1.000,0.8,0.8,1.5,0.4,0.2,0.1,0.4,0.8,1.8
522,,,,,,,,,,,,,,,,,,,,,,,,,,,,,
523,Garrett Temple,SG,37,TOR,13,0,3.8,0.5,1.2,.400,0.2,0.5,.333,0.3,0.7,.444,.467,0.3,0.3,1.000,0.3,0.5,0.8,0.5,0.2,0.0,0.2,0.3,1.4
524,Dalen Terry,SG,21,CHI,32,1,9.7,0.8,2.1,.373,0.3,1.2,.211,0.5,0.9,.586,.433,0.5,0.7,.727,0.3,1.3,1.6,1.2,0.3,0.3,0.5,1.2,2.3
525,Daniel Theis,C,31,TOT,36,1,17.3,2.6,4.9,.534,0.4,1.0,.405,2.2,3.9,.567,.576,0.8,1.1,.718,1.6,2.1,3.6,1.0,0.5,0.9,0.7,2.4,6.5
526,Daniel Theis,C,31,IND,1,0,8.0,1.0,4.0,.250,0.0,1.0,.000,1.0,3.0,.333,.250,0.0,0.0,,0.0,0.0,0.0,0.0,0.0,0.0,0.0,1.0,2.0
527,Daniel Theis,C,31,LAC,35,1,17.5,2.7,5.0,.540,0.4,1.0,.417,2.3,3.9,.572,.583,0.8,1.1,.718,1.6,2.1,3.7,1.0,0.5,0.9,0.7,2.4,6.6
528,Cam Thomas,SG,22,BRK,38,23,28.9,7.7,17.1,.449,1.9,5.4,.358,5.8,11.7,.491,.505,3.9,4.7,.827,0.3,2.4,2.7,2.4,0.6,0.3,1.8,1.9,21.2
529,Amen Thompson,SF,21,HOU,28,1,16.4,2.4,5.1,.472,0.2,1.2,.176,2.2,3.9,.565,.493,1.4,1.9,.704,1.1,3.3,4.3,2.1,1.0,0.4,1.3,2.0,6.4
530,Ausar Thompson,SF,21,DET,47,24,23.5,3.4,7.2,.472,0.2,1.6,.145,3.2,5.6,.567,.488,1.2,1.8,.647,2.1,4.5,6.6,1.9,0.9,0.9,1.3,2.8,8.2
531,Klay Thompson,SF,33,GSW,42,42,30.9,6.1,14.5,.421,3.4,8.8,.385,2.7,5.7,.477,.539,1.9,2.1,.910,0.5,2.9,3.4,2.4,0.5,0.5,1.7,2.0,17.6
532,Tristan Thompson,PF,32,CLE,36,0,12.4,1.7,2.6,.649,0.0,0.0,.000,1.7,2.6,.656,.649,0.4,1.2,.310,1.6,2.3,3.9,1.1,0.2,0.3,0.6,1.4,3.8
533,JT Thor,PF,21,CHO,38,1,14.0,1.3,3.5,.358,0.5,1.6,.322,0.8,2.0,.387,.429,0.2,0.3,.538,1.0,1.6,2.6,0.4,0.2,0.4,0.3,1.0,3.2
534,Matisse Thybulle,SF,26,POR,46,15,22.7,2.0,4.7,.419,1.4,3.7,.366,0.6,1.0,.622,.565,0.3,0.3,.813,0.4,1.5,2.0,1.2,1.5,0.8,0.6,1.4,5.6
535,Xavier Tillman Sr.,C,25,MEM,34,13,20.6,2.6,6.3,.408,0.4,1.6,.226,2.2,4.7,.469,.437,0.5,1.3,.419,1.6,3.0,4.6,1.7,1.2,1.0,0.9,1.8,6.0
536,Jacob Toppin,SF,23,NYK,3,0,1.3,0.0,0.0,,0.0,0.0,,0.0,0.0,,,0.0,0.0,,0.0,0.0,0.0,0.3,0.0,0.3,0.0,0.0,0.0
537,Obi Toppin,PF,25,IND,49,28,23.2,4.4,7.8,.571,1.3,3.2,.397,3.2,4.6,.690,.652,1.1,1.4,.768,1.2,2.9,4.0,1.6,0.5,0.5,0.8,2.0,11.2
538,Juan Toscano-Anderson,SF,30,SAC,11,0,4.8,0.3,1.1,.250,0.1,0.4,.250,0.2,0.7,.250,.292,0.0,0.0,,0.4,0.9,1.3,0.4,0.1,0.1,0.2,1.0,0.6
539,Karl-Anthony Towns,PF,28,MIN,47,47,33.2,8.2,15.6,.522,2.2,5.0,.443,6.0,10.6,.560,.593,4.2,4.8,.872,1.4,7.3,8.7,3.1,0.7,0.6,2.9,3.3,22.7
540,Gary Trent Jr.,SG,25,TOR,42,12,26.1,4.4,10.3,.432,2.5,5.8,.424,2.0,4.5,.441,.551,0.7,1.0,.651,0.2,1.9,2.1,1.5,0.8,0.1,0.7,1.3,12.0
541,Oscar Tshiebwe,PF,24,IND,6,0,5.7,1.3,2.7,.500,0.0,0.0,,1.3,2.7,.500,.500,0.8,1.0,.833,1.0,1.0,2.0,0.3,0.3,0.0,0.0,0.2,3.5
542,P.J. Tucker,PF,38,TOT,15,3,15.9,0.4,1.3,.316,0.3,1.1,.313,0.1,0.2,.333,.447,0.2,0.2,1.000,1.1,1.8,2.9,0.5,0.6,0.2,0.3,2.3,1.3
543,P.J. Tucker,PF,38,PHI,3,3,22.0,0.7,1.7,.400,0.7,1.7,.400,0.0,0.0,,.600,0.0,0.0,,0.3,4.3,4.7,0.0,1.0,0.7,0.7,3.0,2.0
544,P.J. Tucker,PF,38,LAC,12,0,14.4,0.3,1.2,.286,0.3,0.9,.273,0.1,0.3,.333,.393,0.3,0.3,1.000,1.3,1.2,2.4,0.7,0.5,0.1,0.2,2.2,1.2
545,Myles Turner,C,27,IND,47,47,27.3,6.1,11.8,.518,1.4,4.0,.337,4.8,7.8,.612,.576,3.3,4.3,.785,1.7,5.3,6.9,1.3,0.5,1.8,1.5,3.2,17.0
546,Hunter Tyson,PF,23,DEN,9,0,3.0,0.1,0.8,.143,0.0,0.7,.000,0.1,0.1,1.000,.143,0.0,0.0,,0.0,0.7,0.7,0.1,0.0,0.0,0.2,0.7,0.2
547,,,,,,,,,,,,,,,,,,,,,,,,,,,,,
548,Stanley Umude,SG,24,DET,15,0,10.3,1.3,2.9,.455,0.9,1.8,.519,0.4,1.1,.353,.614,1.4,1.5,.913,0.2,1.7,1.9,0.5,0.3,0.3,0.7,1.6,5.0
549,Jonas Valančiūnas,C,31,NOP,48,48,26.3,5.5,9.7,.569,0.6,1.8,.345,4.9,7.9,.620,.601,2.4,3.1,.791,2.6,7.1,9.7,2.3,0.5,1.1,1.4,3.1,14.1
550,Jarred Vanderbilt,PF,24,LAL,29,6,20.0,2.0,3.9,.518,0.3,0.9,.296,1.8,3.0,.586,.553,0.8,1.2,.667,1.4,3.3,4.8,1.2,1.2,0.2,1.0,1.5,5.2
551,Fred VanVleet,PG,29,HOU,45,45,37.1,5.6,13.7,.408,2.9,7.8,.373,2.7,5.9,.455,.515,2.7,3.1,.858,0.4,3.4,3.8,8.4,1.1,0.9,1.6,2.2,16.8
552,Devin Vassell,SG,23,SAS,43,37,31.4,6.7,14.5,.466,2.4,6.7,.361,4.3,7.8,.557,.550,2.5,3.1,.799,0.4,3.2,3.6,3.6,1.1,0.2,1.4,1.1,18.4
553,Sasha Vezenkov,PF,28,SAC,33,0,12.7,2.2,4.8,.456,1.1,2.9,.375,1.1,1.9,.581,.570,0.2,0.3,.700,0.9,1.7,2.6,0.4,0.5,0.2,0.3,0.9,5.7
554,Gabe Vincent,PG,27,LAL,5,0,25.4,2.4,6.4,.375,0.4,3.4,.118,2.0,3.0,.667,.406,0.2,0.4,.500,0.4,0.6,1.0,3.0,1.2,0.0,0.4,2.4,5.4
555,Nikola Vučević,C,33,CHI,44,42,33.8,7.3,15.4,.473,1.1,4.0,.270,6.2,11.4,.545,.508,1.3,1.5,.862,2.6,7.9,10.5,3.5,0.7,0.8,1.5,2.5,17.0
556,Dean Wade,PF,27,CLE,39,30,22.0,1.9,4.6,.416,1.6,3.9,.399,0.3,0.6,.520,.587,0.4,0.5,.789,0.8,3.6,4.4,0.8,0.9,0.3,0.5,2.0,5.7
557,Franz Wagner,SF,22,ORL,40,40,33.0,7.5,16.1,.467,1.6,5.0,.313,6.0,11.1,.535,.515,3.8,4.5,.855,1.1,4.6,5.8,4.0,1.1,0.3,2.0,2.4,20.4
558,Moritz Wagner,C,26,ORL,46,1,19.0,4.4,7.5,.583,0.5,1.7,.329,3.8,5.8,.654,.619,2.2,2.8,.786,1.6,3.1,4.6,1.3,0.5,0.3,1.1,2.2,11.5
559,Ish Wainright,SF,29,POR,7,0,6.6,0.9,2.6,.333,0.9,2.3,.375,0.0,0.3,.000,.500,0.3,0.3,1.000,0.0,1.3,1.3,0.0,0.3,0.1,0.1,0.6,2.9
560,Jabari Walker,SF,21,POR,44,10,21.4,3.0,6.3,.477,0.6,2.0,.299,2.4,4.4,.557,.523,1.8,2.4,.752,1.9,4.5,6.3,0.9,0.7,0.4,1.0,2.3,8.4
561,Jarace Walker,PF,20,IND,15,0,11.0,1.9,4.3,.438,0.8,2.0,.400,1.1,2.3,.471,.531,0.4,0.5,.857,0.5,1.3,1.9,1.3,0.6,0.3,0.5,1.0,4.9
562,Lonnie Walker IV,SG,25,BRK,29,0,18.9,4.4,9.2,.474,2.2,5.0,.438,2.2,4.2,.516,.593,1.1,1.4,.762,0.2,1.9,2.2,1.6,0.8,0.3,1.1,1.2,12.1
563,Cason Wallace,SG,20,OKC,48,7,21.0,2.6,5.1,.508,1.1,2.6,.421,1.5,2.5,.602,.617,0.4,0.5,.833,0.6,1.6,2.3,1.4,0.7,0.4,0.5,1.8,6.7
564,Jordan Walsh,SF,19,BOS,2,0,3.0,0.0,0.5,.000,0.0,0.5,.000,0.0,0.0,,.000,0.0,0.0,,0.0,2.5,2.5,0.5,0.0,0.0,0.0,0.0,0.0
565,P.J. Washington,PF,25,CHO,40,17,29.1,5.2,11.5,.453,1.9,5.6,.342,3.3,5.9,.560,.537,1.5,2.0,.747,1.2,3.9,5.1,2.2,0.8,0.8,1.5,2.6,13.8
566,TyTy Washington Jr.,PG,22,MIL,2,0,3.0,0.5,1.5,.333,0.5,1.0,.500,0.0,0.5,.000,.500,0.0,0.0,,0.0,0.5,0.5,0.0,0.5,0.0,1.0,0.0,1.5
567,Yuta Watanabe,SF,29,PHO,27,0,13.9,1.2,3.4,.344,0.9,2.7,.315,0.3,0.7,.450,.468,0.4,0.6,.667,0.4,1.3,1.7,0.4,0.3,0.3,0.6,1.3,3.6
568,,,,,,,,,,,,,,,,,,,,,,,,,,,,,
569,Lindy Waters III,SG,26,OKC,18,0,7.2,0.9,2.2,.425,0.8,2.1,.405,0.1,0.2,.667,.613,0.0,0.0,,0.1,0.8,0.8,0.6,0.0,0.2,0.1,0.7,2.7
570,Trendon Watford,PF,23,BRK,33,0,11.8,2.2,4.2,.536,0.3,0.9,.345,1.9,3.3,.587,.572,0.7,0.9,.828,0.9,1.8,2.7,1.5,0.5,0.2,0.8,1.6,5.5
571,Peyton Watson,SF,21,DEN,47,3,17.8,2.6,5.5,.465,0.7,2.1,.316,1.9,3.4,.556,.525,1.0,1.5,.696,0.6,2.2,2.7,1.0,0.6,0.9,0.6,1.7,6.8
572,Victor Wembanyama,C,20,SAS,42,42,28.6,7.6,16.3,.465,1.5,5.0,.301,6.1,11.3,.537,.511,3.9,4.9,.809,2.2,7.9,10.1,3.1,1.1,3.2,3.4,2.3,20.6
573,Blake Wesley,SG,20,SAS,27,1,11.7,1.5,3.0,.500,0.1,0.6,.118,1.4,2.4,.600,.512,0.5,0.9,.520,0.3,0.9,1.1,2.3,0.5,0.1,0.6,1.4,3.6
574,Russell Westbrook,PG,35,LAC,46,10,23.0,4.5,9.8,.463,0.7,2.3,.286,3.9,7.5,.517,.497,1.6,2.4,.673,1.5,4.2,5.7,4.7,1.1,0.4,2.1,1.8,11.3
575,Coby White,PG,23,CHI,49,49,36.0,6.8,14.8,.461,2.8,7.1,.391,4.0,7.7,.525,.554,2.6,3.2,.815,0.5,4.1,4.7,5.1,0.7,0.3,2.1,2.3,19.0
576,Derrick White,SG,29,BOS,45,45,32.1,5.4,11.8,.456,2.6,6.7,.397,2.7,5.1,.532,.568,2.3,2.5,.895,0.7,3.3,4.0,4.8,1.0,1.2,1.6,2.2,15.7
577,Cam Whitmore,SF,19,HOU,24,1,16.5,4.1,8.5,.483,1.6,4.0,.396,2.5,4.5,.560,.576,1.4,2.1,.660,0.7,3.1,3.8,0.4,0.6,0.3,0.6,1.3,11.2
578,Aaron Wiggins,SG,25,OKC,45,0,13.5,2.3,3.8,.602,0.7,1.2,.556,1.6,2.6,.624,.690,0.5,0.6,.759,0.6,1.6,2.3,0.9,0.5,0.1,0.5,1.2,5.7
579,Andrew Wiggins,SF,28,GSW,40,29,27.2,4.8,10.8,.442,1.0,3.2,.313,3.8,7.6,.497,.488,2.0,2.8,.712,1.7,2.6,4.2,1.6,0.4,0.5,1.4,2.4,12.5
580,Lindell Wigginton,PG,25,MIL,3,0,2.7,0.7,1.7,.400,0.0,0.7,.000,0.7,1.0,.667,.400,0.7,0.7,1.000,0.0,0.0,0.0,0.0,0.0,0.0,0.3,0.3,2.0
581,Brandon Williams,PG,24,DAL,7,0,6.1,1.1,2.3,.500,0.3,0.7,.400,0.9,1.6,.545,.563,0.7,1.3,.556,0.3,0.4,0.7,1.1,0.1,0.1,0.3,0.1,3.3
582,Grant Williams,PF,25,DAL,44,32,26.6,2.8,6.8,.415,1.7,4.6,.376,1.1,2.3,.495,.542,0.8,1.1,.729,1.0,2.5,3.5,1.8,0.5,0.6,1.0,3.0,8.2
583,Jalen Williams,PF,22,OKC,44,44,31.9,7.3,13.5,.539,1.4,3.2,.450,5.9,10.4,.566,.591,2.6,3.3,.806,0.5,3.5,4.0,4.5,1.1,0.5,1.7,2.7,18.7
584,Jaylin Williams,C,21,OKC,40,0,12.1,1.3,3.2,.402,0.7,2.0,.350,0.6,1.2,.489,.512,0.4,0.4,.824,0.5,2.6,3.1,1.3,0.4,0.4,0.4,1.5,3.6
585,Jeenathan Williams,SG,24,HOU,7,0,7.9,1.4,3.3,.435,0.1,0.4,.333,1.3,2.9,.450,.457,0.6,0.7,.800,0.7,0.1,0.9,0.4,0.3,0.0,0.1,0.7,3.6
586,Kenrich Williams,PF,29,OKC,37,1,15.1,1.8,3.9,.469,0.8,2.0,.387,1.1,1.9,.557,.569,0.1,0.3,.300,0.8,2.1,2.9,1.3,0.6,0.1,0.4,1.4,4.5
587,Mark Williams,C,22,CHO,19,19,26.7,5.2,7.9,.649,0.0,0.0,,5.2,7.9,.649,.649,2.4,3.4,.719,4.0,5.7,9.7,1.2,0.8,1.1,0.9,2.6,12.7
588,Patrick Williams,PF,22,CHI,43,30,27.3,3.7,8.3,.443,1.4,3.4,.399,2.3,4.9,.474,.525,1.2,1.5,.788,1.1,2.8,3.9,1.5,0.9,0.8,1.3,2.0,10.0
589,,,,,,,,,,,,,,,,,,,,,,,,,,,,,
590,Robert Williams,C,26,POR,6,0,19.8,2.8,4.3,.654,0.0,0.0,,2.8,4.3,.654,.654,1.2,1.5,.778,1.8,4.5,6.3,0.8,1.2,1.2,1.2,2.8,6.8
591,Vince Williams Jr.,SG,23,MEM,37,18,25.0,2.7,6.1,.441,1.5,4.0,.383,1.2,2.1,.551,.566,1.7,2.1,.810,1.3,4.2,5.5,2.2,0.8,0.6,1.1,2.4,8.7
592,Ziaire Williams,SF,22,MEM,44,9,18.8,2.7,7.0,.390,1.1,3.5,.314,1.6,3.5,.467,.469,1.1,1.3,.831,0.7,2.7,3.4,1.5,0.6,0.2,1.3,1.7,7.7
593,Zion Williamson,PF,23,NOP,38,38,30.3,8.7,14.8,.590,0.1,0.3,.364,8.6,14.5,.594,.593,4.4,6.6,.667,1.7,3.8,5.5,4.7,1.0,0.4,2.6,2.4,22.0
594,Jalen Wilson,PF,23,BRK,11,0,9.5,1.5,2.9,.500,0.2,0.7,.250,1.3,2.2,.583,.531,1.4,1.4,1.000,1.4,0.8,2.2,0.8,0.3,0.1,0.3,0.8,4.5
595,Dylan Windler,SF,27,TOT,6,0,2.7,0.7,1.2,.571,0.7,1.0,.667,0.0,0.2,.000,.857,0.0,0.0,,0.0,0.5,0.5,0.5,0.0,0.0,0.0,0.3,2.0
596,Dylan Windler,SF,27,NYK,3,0,2.3,0.3,0.7,.500,0.3,0.7,.500,0.0,0.0,,.750,0.0,0.0,,0.0,0.3,0.3,0.3,0.0,0.0,0.0,0.3,1.0
597,Dylan Windler,SF,27,LAL,3,0,3.0,1.0,1.7,.600,1.0,1.3,.750,0.0,0.3,.000,.900,0.0,0.0,,0.0,0.7,0.7,0.7,0.0,0.0,0.0,0.3,3.0
598,James Wiseman,C,22,DET,29,0,14.6,2.7,3.9,.675,0.0,0.1,.000,2.7,3.9,.688,.675,0.7,1.2,.618,1.4,2.7,4.1,0.6,0.1,0.7,0.9,2.0,6.0
599,Christian Wood,PF,28,LAL,44,1,18.2,2.5,5.4,.460,0.7,2.3,.311,1.8,3.1,.574,.527,1.3,2.0,.686,0.8,4.5,5.3,1.1,0.3,0.7,1.1,1.5,7.1
600,Delon Wright,PG,31,WAS,26,0,15.6,1.6,4.2,.385,0.5,1.3,.364,1.2,2.9,.395,.440,0.8,1.0,.815,0.4,1.6,2.0,2.8,1.2,0.2,0.4,0.8,4.5
601,Thaddeus Young,PF,35,TOR,19,6,14.6,2.3,3.9,.587,0.1,0.3,.200,2.3,3.7,.614,.593,0.2,0.5,.444,1.2,1.7,2.9,2.3,0.8,0.1,0.4,1.7,4.9
602,Trae Young,PG,25,ATL,42,42,36.3,8.4,19.7,.423,3.3,8.9,.368,5.1,10.9,.468,.506,7.0,8.2,.863,0.5,2.4,2.9,10.9,1.4,0.2,4.3,2.0,27.0
603,Omer Yurtseven,C,25,UTA,27,6,9.8,1.4,3.0,.488,0.1,0.6,.200,1.3,2.4,.554,.506,0.2,0.4,.545,1.3,2.5,3.9,0.5,0.1,0.4,0.9,1.3,3.2
604,Cody Zeller,C,31,NOP,33,0,8.3,0.6,1.5,.392,0.0,0.1,.333,0.6,1.5,.396,.402,0.6,1.1,.600,1.1,1.6,2.7,1.0,0.2,0.1,0.3,1.2,1.9
605,Ivica Zubac,C,26,LAC,38,38,27.1,5.3,8.1,.655,0.0,0.0,,5.3,8.1,.655,.655,1.8,2.8,.648,3.3,6.5,9.7,1.3,0.2,1.4,1.1,2.9,12.4
